species,common,kingdom,class,lat,lon,date,year,basisOfRecord,datasetName
Leonurus cardiaca,,Plantae,Magnoliopsida,45.019386,-93.239328,2026-06-15,2026,HUMAN_OBSERVATION,iNaturalist research-grade observations
Ageratina altissima,,Plantae,Magnoliopsida,45.019556,-93.241448,2025-09-11,2025,HUMAN_OBSERVATION,iNaturalist research-grade observations
Arctium minus,,Plantae,Magnoliopsida,45.019845,-93.240629,2025-09-25,2025,HUMAN_OBSERVATION,iNaturalist research-grade observations
Sitta carolinensis,White-breasted Nuthatch,Animalia,Aves,45.019638,-93.24008,2024-01-09,2024,HUMAN_OBSERVATION,EBIRD
Leuconotopicus villosus,Hairy Woodpecker,Animalia,Aves,45.019638,-93.24008,2024-01-09,2024,HUMAN_OBSERVATION,EBIRD
Cardinalis cardinalis,Northern Cardinal,Animalia,Aves,45.019638,-93.24008,2024-01-09,2024,HUMAN_OBSERVATION,EBIRD
Passer domesticus,House Sparrow,Animalia,Aves,45.019638,-93.24008,2024-01-09,2024,HUMAN_OBSERVATION,EBIRD
Junco hyemalis,Dark-eyed Junco,Animalia,Aves,45.019638,-93.24008,2024-01-09,2024,HUMAN_OBSERVATION,EBIRD
Spinus tristis,American Goldfinch,Animalia,Aves,45.019638,-93.24008,2024-01-09,2024,HUMAN_OBSERVATION,EBIRD
Poecile atricapillus,Black-capped Chickadee,Animalia,Aves,45.019638,-93.24008,2024-01-09,2024,HUMAN_OBSERVATION,EBIRD
Melanerpes carolinus,Red-bellied Woodpecker,Animalia,Aves,45.019638,-93.24008,2024-01-09,2024,HUMAN_OBSERVATION,EBIRD
Dryobates pubescens,Downy Woodpecker,Animalia,Aves,45.019638,-93.24008,2024-01-09,2024,HUMAN_OBSERVATION,EBIRD
Haliaeetus leucocephalus,Bald Eagle,Animalia,Aves,45.019997,-93.23986,2024-02-18,2024,HUMAN_OBSERVATION,EBIRD
Falco sparverius,American Kestrel,Animalia,Aves,45.019997,-93.23986,2024-03-01,2024,HUMAN_OBSERVATION,EBIRD
Corvus brachyrhynchos,American Crow,Animalia,Aves,45.019997,-93.23986,2024-03-01,2024,HUMAN_OBSERVATION,EBIRD
Passer domesticus,House Sparrow,Animalia,Aves,45.019997,-93.23986,2024-03-01,2024,HUMAN_OBSERVATION,EBIRD
Setophaga coronata,Yellow-rumped Warbler,Animalia,Aves,45.019638,-93.24008,2024-05-06,2024,HUMAN_OBSERVATION,EBIRD
Spinus tristis,American Goldfinch,Animalia,Aves,45.019997,-93.23986,2024-05-14,2024,HUMAN_OBSERVATION,EBIRD
Catharus ustulatus,Swainson's Thrush,Animalia,Aves,45.019997,-93.23986,2024-05-07,2024,HUMAN_OBSERVATION,EBIRD
Turdus migratorius,American Robin,Animalia,Aves,45.019638,-93.24008,2024-05-06,2024,HUMAN_OBSERVATION,EBIRD
Leiothlypis ruficapilla,Nashville Warbler,Animalia,Aves,45.019638,-93.24008,2024-05-12,2024,HUMAN_OBSERVATION,EBIRD
Spinus tristis,American Goldfinch,Animalia,Aves,45.019638,-93.24008,2024-05-06,2024,HUMAN_OBSERVATION,EBIRD
Poecile atricapillus,Black-capped Chickadee,Animalia,Aves,45.019638,-93.24008,2024-05-12,2024,HUMAN_OBSERVATION,EBIRD
Cardinalis cardinalis,Northern Cardinal,Animalia,Aves,45.019997,-93.23986,2024-05-14,2024,HUMAN_OBSERVATION,EBIRD
Cardinalis cardinalis,Northern Cardinal,Animalia,Aves,45.019638,-93.24008,2024-05-06,2024,HUMAN_OBSERVATION,EBIRD
Sitta carolinensis,White-breasted Nuthatch,Animalia,Aves,45.019638,-93.24008,2024-05-06,2024,HUMAN_OBSERVATION,EBIRD
Zonotrichia leucophrys,White-crowned Sparrow,Animalia,Aves,45.019638,-93.24008,2024-05-06,2024,HUMAN_OBSERVATION,EBIRD
Sitta carolinensis,White-breasted Nuthatch,Animalia,Aves,45.019997,-93.23986,2024-05-14,2024,HUMAN_OBSERVATION,EBIRD
Sturnus vulgaris,European Starling,Animalia,Aves,45.019997,-93.23986,2024-05-17,2024,HUMAN_OBSERVATION,EBIRD
Cyanocitta cristata,Blue Jay,Animalia,Aves,45.019997,-93.23986,2024-05-14,2024,HUMAN_OBSERVATION,EBIRD
Poecile atricapillus,Black-capped Chickadee,Animalia,Aves,45.019638,-93.24008,2024-05-06,2024,HUMAN_OBSERVATION,EBIRD
Poecile atricapillus,Black-capped Chickadee,Animalia,Aves,45.019997,-93.23986,2024-05-14,2024,HUMAN_OBSERVATION,EBIRD
Turdus migratorius,American Robin,Animalia,Aves,45.019638,-93.24008,2024-05-12,2024,HUMAN_OBSERVATION,EBIRD
Archilochus colubris,Ruby-throated Hummingbird,Animalia,Aves,45.019997,-93.23986,2024-05-14,2024,HUMAN_OBSERVATION,EBIRD
Ardea herodias,Great Blue Heron,Animalia,Aves,45.019638,-93.24008,2024-05-06,2024,HUMAN_OBSERVATION,EBIRD
Leiothlypis peregrina,Tennessee Warbler,Animalia,Aves,45.019638,-93.24008,2024-05-12,2024,HUMAN_OBSERVATION,EBIRD
Spizella passerina,Chipping Sparrow,Animalia,Aves,45.019638,-93.24008,2024-05-06,2024,HUMAN_OBSERVATION,EBIRD
Molothrus ater,Brown-headed Cowbird,Animalia,Aves,45.019638,-93.24008,2024-05-06,2024,HUMAN_OBSERVATION,EBIRD
Anas platyrhynchos,Mallard,Animalia,Aves,45.019638,-93.24008,2024-05-12,2024,HUMAN_OBSERVATION,EBIRD
Spinus tristis,American Goldfinch,Animalia,Aves,45.019997,-93.23986,2024-05-28,2024,HUMAN_OBSERVATION,EBIRD
Dumetella carolinensis,Gray Catbird,Animalia,Aves,45.019997,-93.23986,2024-05-14,2024,HUMAN_OBSERVATION,EBIRD
Chaetura pelagica,Chimney Swift,Animalia,Aves,45.019997,-93.23986,2024-05-17,2024,HUMAN_OBSERVATION,EBIRD
Spizella passerina,Chipping Sparrow,Animalia,Aves,45.019638,-93.24008,2024-05-12,2024,HUMAN_OBSERVATION,EBIRD
Cardinalis cardinalis,Northern Cardinal,Animalia,Aves,45.019638,-93.24008,2024-05-12,2024,HUMAN_OBSERVATION,EBIRD
Molothrus ater,Brown-headed Cowbird,Animalia,Aves,45.019638,-93.24008,2024-05-12,2024,HUMAN_OBSERVATION,EBIRD
Corvus brachyrhynchos,American Crow,Animalia,Aves,45.019997,-93.23986,2024-05-28,2024,HUMAN_OBSERVATION,EBIRD
Myiarchus crinitus,Great Crested Flycatcher,Animalia,Aves,45.019638,-93.24008,2024-05-27,2024,HUMAN_OBSERVATION,EBIRD
Chaetura pelagica,Chimney Swift,Animalia,Aves,45.019638,-93.24008,2024-05-06,2024,HUMAN_OBSERVATION,EBIRD
Leiothlypis peregrina,Tennessee Warbler,Animalia,Aves,45.019997,-93.23986,2024-05-14,2024,HUMAN_OBSERVATION,EBIRD
Passer domesticus,House Sparrow,Animalia,Aves,45.019997,-93.23986,2024-05-28,2024,HUMAN_OBSERVATION,EBIRD
Dumetella carolinensis,Gray Catbird,Animalia,Aves,45.019638,-93.24008,2024-05-12,2024,HUMAN_OBSERVATION,EBIRD
Turdus migratorius,American Robin,Animalia,Aves,45.019997,-93.23986,2024-05-14,2024,HUMAN_OBSERVATION,EBIRD
Sitta carolinensis,White-breasted Nuthatch,Animalia,Aves,45.019638,-93.24008,2024-05-12,2024,HUMAN_OBSERVATION,EBIRD
Spinus tristis,American Goldfinch,Animalia,Aves,45.019997,-93.23986,2024-07-30,2024,HUMAN_OBSERVATION,EBIRD
Larus delawarensis,Ring-billed Gull,Animalia,Aves,45.019997,-93.23986,2024-07-30,2024,HUMAN_OBSERVATION,EBIRD
Chaetura pelagica,Chimney Swift,Animalia,Aves,45.019997,-93.23986,2024-07-30,2024,HUMAN_OBSERVATION,EBIRD
Poecile atricapillus,Black-capped Chickadee,Animalia,Aves,45.019997,-93.23986,2024-07-30,2024,HUMAN_OBSERVATION,EBIRD
Phalacrocorax auritus,Double-crested Cormorant,Animalia,Aves,45.019997,-93.23986,2024-07-30,2024,HUMAN_OBSERVATION,EBIRD
Falco columbarius,Merlin,Animalia,Aves,45.019997,-93.23986,2024-07-30,2024,HUMAN_OBSERVATION,EBIRD
Passer domesticus,House Sparrow,Animalia,Aves,45.019997,-93.23986,2024-07-30,2024,HUMAN_OBSERVATION,EBIRD
Poecile atricapillus,Black-capped Chickadee,Animalia,Aves,45.019638,-93.24008,2024-08-11,2024,HUMAN_OBSERVATION,EBIRD
Sitta carolinensis,White-breasted Nuthatch,Animalia,Aves,45.019638,-93.24008,2024-08-11,2024,HUMAN_OBSERVATION,EBIRD
Leuconotopicus villosus,Hairy Woodpecker,Animalia,Aves,45.019638,-93.24008,2024-08-15,2024,HUMAN_OBSERVATION,EBIRD
Cardinalis cardinalis,Northern Cardinal,Animalia,Aves,45.019638,-93.24008,2024-08-15,2024,HUMAN_OBSERVATION,EBIRD
Melanerpes carolinus,Red-bellied Woodpecker,Animalia,Aves,45.019638,-93.24008,2024-08-15,2024,HUMAN_OBSERVATION,EBIRD
Spinus tristis,American Goldfinch,Animalia,Aves,45.019638,-93.24008,2024-08-11,2024,HUMAN_OBSERVATION,EBIRD
Tyrannus tyrannus,Eastern Kingbird,Animalia,Aves,45.019638,-93.24008,2024-08-15,2024,HUMAN_OBSERVATION,EBIRD
Leuconotopicus villosus,Hairy Woodpecker,Animalia,Aves,45.019638,-93.24008,2024-08-11,2024,HUMAN_OBSERVATION,EBIRD
Tyrannus tyrannus,Eastern Kingbird,Animalia,Aves,45.019638,-93.24008,2024-08-11,2024,HUMAN_OBSERVATION,EBIRD
Phalacrocorax auritus,Double-crested Cormorant,Animalia,Aves,45.019638,-93.24008,2024-08-11,2024,HUMAN_OBSERVATION,EBIRD
Spinus tristis,American Goldfinch,Animalia,Aves,45.019638,-93.24008,2024-08-15,2024,HUMAN_OBSERVATION,EBIRD
Falco columbarius,Merlin,Animalia,Aves,45.019638,-93.24008,2024-08-11,2024,HUMAN_OBSERVATION,EBIRD
Cardinalis cardinalis,Northern Cardinal,Animalia,Aves,45.019638,-93.24008,2024-08-11,2024,HUMAN_OBSERVATION,EBIRD
Ardea alba,Great Egret,Animalia,Aves,45.019638,-93.24008,2024-08-11,2024,HUMAN_OBSERVATION,EBIRD
Haemorhous mexicanus,House Finch,Animalia,Aves,45.019638,-93.24008,2024-08-15,2024,HUMAN_OBSERVATION,EBIRD
Poecile atricapillus,Black-capped Chickadee,Animalia,Aves,45.019638,-93.24008,2024-08-15,2024,HUMAN_OBSERVATION,EBIRD
Passer domesticus,House Sparrow,Animalia,Aves,45.019638,-93.24008,2024-08-15,2024,HUMAN_OBSERVATION,EBIRD
Buteo platypterus,Broad-winged Hawk,Animalia,Aves,45.019638,-93.24008,2024-08-15,2024,HUMAN_OBSERVATION,EBIRD
Myiarchus crinitus,Great Crested Flycatcher,Animalia,Aves,45.019638,-93.24008,2024-08-09,2024,HUMAN_OBSERVATION,EBIRD
Cyanocitta cristata,Blue Jay,Animalia,Aves,45.019638,-93.24008,2024-08-15,2024,HUMAN_OBSERVATION,EBIRD
Corvus brachyrhynchos,American Crow,Animalia,Aves,45.019638,-93.24008,2024-08-15,2024,HUMAN_OBSERVATION,EBIRD
Sitta carolinensis,White-breasted Nuthatch,Animalia,Aves,45.019638,-93.24008,2024-08-15,2024,HUMAN_OBSERVATION,EBIRD
Corvus brachyrhynchos,American Crow,Animalia,Aves,45.019997,-93.23986,2024-09-17,2024,HUMAN_OBSERVATION,EBIRD
Poecile atricapillus,Black-capped Chickadee,Animalia,Aves,45.019997,-93.23986,2024-09-17,2024,HUMAN_OBSERVATION,EBIRD
Falco columbarius,Merlin,Animalia,Aves,45.019997,-93.23986,2024-09-17,2024,HUMAN_OBSERVATION,EBIRD
Leiothlypis ruficapilla,Nashville Warbler,Animalia,Aves,45.019997,-93.23986,2024-09-24,2024,HUMAN_OBSERVATION,EBIRD
Cyanocitta cristata,Blue Jay,Animalia,Aves,45.019997,-93.23986,2024-09-17,2024,HUMAN_OBSERVATION,EBIRD
Corvus brachyrhynchos,American Crow,Animalia,Aves,45.019997,-93.23986,2024-09-24,2024,HUMAN_OBSERVATION,EBIRD
Chaetura pelagica,Chimney Swift,Animalia,Aves,45.019997,-93.23986,2024-09-17,2024,HUMAN_OBSERVATION,EBIRD
Leuconotopicus villosus,Hairy Woodpecker,Animalia,Aves,45.019997,-93.23986,2024-09-17,2024,HUMAN_OBSERVATION,EBIRD
Larus delawarensis,Ring-billed Gull,Animalia,Aves,45.019997,-93.23986,2024-09-17,2024,HUMAN_OBSERVATION,EBIRD
Spizelloides arborea,American Tree Sparrow,Animalia,Aves,45.019997,-93.23986,2024-10-01,2024,HUMAN_OBSERVATION,EBIRD
Dryobates pubescens,Downy Woodpecker,Animalia,Aves,45.019997,-93.23986,2024-10-01,2024,HUMAN_OBSERVATION,EBIRD
Pelecanus erythrorhynchos,American White Pelican,Animalia,Aves,45.019997,-93.23986,2024-10-01,2024,HUMAN_OBSERVATION,EBIRD
Melanerpes carolinus,Red-bellied Woodpecker,Animalia,Aves,45.019997,-93.23986,2024-10-01,2024,HUMAN_OBSERVATION,EBIRD
Passer domesticus,House Sparrow,Animalia,Aves,45.019997,-93.23986,2024-10-01,2024,HUMAN_OBSERVATION,EBIRD
Haemorhous mexicanus,House Finch,Animalia,Aves,45.019997,-93.23986,2024-10-01,2024,HUMAN_OBSERVATION,EBIRD
Spinus tristis,American Goldfinch,Animalia,Aves,45.019997,-93.23986,2024-10-01,2024,HUMAN_OBSERVATION,EBIRD
Zonotrichia albicollis,White-throated Sparrow,Animalia,Aves,45.019997,-93.23986,2024-10-01,2024,HUMAN_OBSERVATION,EBIRD
Leiothlypis celata,Orange-crowned Warbler,Animalia,Aves,45.019997,-93.23986,2024-10-01,2024,HUMAN_OBSERVATION,EBIRD
Cardinalis cardinalis,Northern Cardinal,Animalia,Aves,45.019997,-93.23986,2024-10-01,2024,HUMAN_OBSERVATION,EBIRD
Poecile atricapillus,Black-capped Chickadee,Animalia,Aves,45.019997,-93.23986,2024-10-01,2024,HUMAN_OBSERVATION,EBIRD
Cyanocitta cristata,Blue Jay,Animalia,Aves,45.019997,-93.23986,2024-10-01,2024,HUMAN_OBSERVATION,EBIRD
Corvus brachyrhynchos,American Crow,Animalia,Aves,45.019997,-93.23986,2024-10-01,2024,HUMAN_OBSERVATION,EBIRD
Falco columbarius,Merlin,Animalia,Aves,45.019997,-93.23986,2024-11-08,2024,HUMAN_OBSERVATION,EBIRD
Dryocopus pileatus,Pileated Woodpecker,Animalia,Aves,45.019638,-93.24008,2024-11-15,2024,HUMAN_OBSERVATION,EBIRD
Corvus brachyrhynchos,American Crow,Animalia,Aves,45.019997,-93.23986,2024-11-08,2024,HUMAN_OBSERVATION,EBIRD
Dryobates pubescens,Downy Woodpecker,Animalia,Aves,45.019638,-93.24008,2024-11-15,2024,HUMAN_OBSERVATION,EBIRD
Cyanocitta cristata,Blue Jay,Animalia,Aves,45.019638,-93.24008,2024-11-15,2024,HUMAN_OBSERVATION,EBIRD
Corvus brachyrhynchos,American Crow,Animalia,Aves,45.019997,-93.23986,2024-11-08,2024,HUMAN_OBSERVATION,EBIRD
Leuconotopicus villosus,Hairy Woodpecker,Animalia,Aves,45.019638,-93.24008,2024-11-15,2024,HUMAN_OBSERVATION,EBIRD
Cardinalis cardinalis,Northern Cardinal,Animalia,Aves,45.019638,-93.24008,2024-11-15,2024,HUMAN_OBSERVATION,EBIRD
Poecile atricapillus,Black-capped Chickadee,Animalia,Aves,45.019638,-93.24008,2024-11-15,2024,HUMAN_OBSERVATION,EBIRD
Passer domesticus,House Sparrow,Animalia,Aves,45.019638,-93.24008,2024-11-15,2024,HUMAN_OBSERVATION,EBIRD
Junco hyemalis,Dark-eyed Junco,Animalia,Aves,45.019638,-93.24008,2024-11-15,2024,HUMAN_OBSERVATION,EBIRD
Sitta carolinensis,White-breasted Nuthatch,Animalia,Aves,45.019638,-93.24008,2024-11-15,2024,HUMAN_OBSERVATION,EBIRD
Spinus tristis,American Goldfinch,Animalia,Aves,45.019638,-93.24008,2024-11-15,2024,HUMAN_OBSERVATION,EBIRD
Melanerpes carolinus,Red-bellied Woodpecker,Animalia,Aves,45.019638,-93.24008,2024-11-15,2024,HUMAN_OBSERVATION,EBIRD
Falco columbarius,Merlin,Animalia,Aves,45.019997,-93.23986,2024-11-08,2024,HUMAN_OBSERVATION,EBIRD
Turdus migratorius,American Robin,Animalia,Aves,45.019638,-93.24008,2023-05-21,2023,HUMAN_OBSERVATION,EBIRD
Corvus brachyrhynchos,American Crow,Animalia,Aves,45.019638,-93.24008,2023-05-21,2023,HUMAN_OBSERVATION,EBIRD
Setophaga striata,Blackpoll Warbler,Animalia,Aves,45.019638,-93.24008,2023-05-22,2023,HUMAN_OBSERVATION,EBIRD
Ardea herodias,Great Blue Heron,Animalia,Aves,45.019638,-93.24008,2023-05-25,2023,HUMAN_OBSERVATION,EBIRD
Ardea herodias,Great Blue Heron,Animalia,Aves,45.019638,-93.24008,2023-05-21,2023,HUMAN_OBSERVATION,EBIRD
Spizella passerina,Chipping Sparrow,Animalia,Aves,45.019638,-93.24008,2023-05-25,2023,HUMAN_OBSERVATION,EBIRD
Anas platyrhynchos,Mallard,Animalia,Aves,45.019638,-93.24008,2023-05-21,2023,HUMAN_OBSERVATION,EBIRD
Poecile atricapillus,Black-capped Chickadee,Animalia,Aves,45.019638,-93.24008,2023-05-25,2023,HUMAN_OBSERVATION,EBIRD
Leiothlypis peregrina,Tennessee Warbler,Animalia,Aves,45.019638,-93.24008,2023-05-21,2023,HUMAN_OBSERVATION,EBIRD
Turdus migratorius,American Robin,Animalia,Aves,45.019638,-93.24008,2023-05-25,2023,HUMAN_OBSERVATION,EBIRD
Haemorhous mexicanus,House Finch,Animalia,Aves,45.019638,-93.24008,2023-05-25,2023,HUMAN_OBSERVATION,EBIRD
Spinus tristis,American Goldfinch,Animalia,Aves,45.019638,-93.24008,2023-05-21,2023,HUMAN_OBSERVATION,EBIRD
Cyanocitta cristata,Blue Jay,Animalia,Aves,45.019638,-93.24008,2023-05-21,2023,HUMAN_OBSERVATION,EBIRD
Corvus brachyrhynchos,American Crow,Animalia,Aves,45.019638,-93.24008,2023-05-25,2023,HUMAN_OBSERVATION,EBIRD
Cardinalis cardinalis,Northern Cardinal,Animalia,Aves,45.019638,-93.24008,2023-05-25,2023,HUMAN_OBSERVATION,EBIRD
Dumetella carolinensis,Gray Catbird,Animalia,Aves,45.019638,-93.24008,2023-05-21,2023,HUMAN_OBSERVATION,EBIRD
Poecile atricapillus,Black-capped Chickadee,Animalia,Aves,45.019638,-93.24008,2023-05-21,2023,HUMAN_OBSERVATION,EBIRD
Myiarchus crinitus,Great Crested Flycatcher,Animalia,Aves,45.019638,-93.24008,2023-05-28,2023,HUMAN_OBSERVATION,EBIRD
Myiarchus crinitus,Great Crested Flycatcher,Animalia,Aves,45.019638,-93.24008,2023-05-25,2023,HUMAN_OBSERVATION,EBIRD
Haemorhous mexicanus,House Finch,Animalia,Aves,45.019638,-93.24008,2023-05-21,2023,HUMAN_OBSERVATION,EBIRD
Archilochus colubris,Ruby-throated Hummingbird,Animalia,Aves,45.019638,-93.24008,2023-05-21,2023,HUMAN_OBSERVATION,EBIRD
Spizella passerina,Chipping Sparrow,Animalia,Aves,45.019638,-93.24008,2023-05-21,2023,HUMAN_OBSERVATION,EBIRD
Archilochus colubris,Ruby-throated Hummingbird,Animalia,Aves,45.019638,-93.24008,2023-05-25,2023,HUMAN_OBSERVATION,EBIRD
Dumetella carolinensis,Gray Catbird,Animalia,Aves,45.019638,-93.24008,2023-05-25,2023,HUMAN_OBSERVATION,EBIRD
Troglodytes aedon,Northern House Wren,Animalia,Aves,45.019638,-93.24008,2023-06-08,2023,HUMAN_OBSERVATION,EBIRD
Corvus brachyrhynchos,American Crow,Animalia,Aves,45.019638,-93.24008,2023-07-30,2023,HUMAN_OBSERVATION,EBIRD
Spizella passerina,Chipping Sparrow,Animalia,Aves,45.019638,-93.24008,2023-07-30,2023,HUMAN_OBSERVATION,EBIRD
Cardinalis cardinalis,Northern Cardinal,Animalia,Aves,45.019638,-93.24008,2023-07-30,2023,HUMAN_OBSERVATION,EBIRD
Spinus tristis,American Goldfinch,Animalia,Aves,45.019638,-93.24008,2023-07-30,2023,HUMAN_OBSERVATION,EBIRD
Sitta carolinensis,White-breasted Nuthatch,Animalia,Aves,45.019638,-93.24008,2023-08-20,2023,HUMAN_OBSERVATION,EBIRD
Poecile atricapillus,Black-capped Chickadee,Animalia,Aves,45.019638,-93.24008,2023-08-20,2023,HUMAN_OBSERVATION,EBIRD
Cyanocitta cristata,Blue Jay,Animalia,Aves,45.019638,-93.24008,2023-08-20,2023,HUMAN_OBSERVATION,EBIRD
Turdus migratorius,American Robin,Animalia,Aves,45.019638,-93.24008,2023-08-20,2023,HUMAN_OBSERVATION,EBIRD
Passer domesticus,House Sparrow,Animalia,Aves,45.019638,-93.24008,2023-08-20,2023,HUMAN_OBSERVATION,EBIRD
Spinus tristis,American Goldfinch,Animalia,Aves,45.019638,-93.24008,2023-08-20,2023,HUMAN_OBSERVATION,EBIRD
Cardinalis cardinalis,Northern Cardinal,Animalia,Aves,45.019638,-93.24008,2023-08-20,2023,HUMAN_OBSERVATION,EBIRD
Archilochus colubris,Ruby-throated Hummingbird,Animalia,Aves,45.019638,-93.24008,2023-08-17,2023,HUMAN_OBSERVATION,EBIRD
Dryobates pubescens,Downy Woodpecker,Animalia,Aves,45.019638,-93.24008,2023-08-20,2023,HUMAN_OBSERVATION,EBIRD
Melanerpes carolinus,Red-bellied Woodpecker,Animalia,Aves,45.019638,-93.24008,2023-09-17,2023,HUMAN_OBSERVATION,EBIRD
Sitta carolinensis,White-breasted Nuthatch,Animalia,Aves,45.019638,-93.24008,2023-09-02,2023,HUMAN_OBSERVATION,EBIRD
Cyanocitta cristata,Blue Jay,Animalia,Aves,45.019638,-93.24008,2023-09-17,2023,HUMAN_OBSERVATION,EBIRD
Spinus tristis,American Goldfinch,Animalia,Aves,45.019638,-93.24008,2023-09-02,2023,HUMAN_OBSERVATION,EBIRD
Poecile atricapillus,Black-capped Chickadee,Animalia,Aves,45.019638,-93.24008,2023-09-02,2023,HUMAN_OBSERVATION,EBIRD
Zonotrichia albicollis,White-throated Sparrow,Animalia,Aves,45.019638,-93.24008,2023-09-17,2023,HUMAN_OBSERVATION,EBIRD
Buteo jamaicensis,Red-tailed Hawk,Animalia,Aves,45.019638,-93.24008,2023-09-17,2023,HUMAN_OBSERVATION,EBIRD
Quiscalus quiscula,Common Grackle,Animalia,Aves,45.019638,-93.24008,2023-09-17,2023,HUMAN_OBSERVATION,EBIRD
Cyanocitta cristata,Blue Jay,Animalia,Aves,45.019638,-93.24008,2023-09-02,2023,HUMAN_OBSERVATION,EBIRD
Colaptes auratus,Northern Flicker,Animalia,Aves,45.019638,-93.24008,2023-09-02,2023,HUMAN_OBSERVATION,EBIRD
Passer domesticus,House Sparrow,Animalia,Aves,45.019638,-93.24008,2023-09-17,2023,HUMAN_OBSERVATION,EBIRD
Cardinalis cardinalis,Northern Cardinal,Animalia,Aves,45.019638,-93.24008,2023-09-17,2023,HUMAN_OBSERVATION,EBIRD
Poecile atricapillus,Black-capped Chickadee,Animalia,Aves,45.019638,-93.24008,2023-09-17,2023,HUMAN_OBSERVATION,EBIRD
Poecile atricapillus,Black-capped Chickadee,Animalia,Aves,45.019997,-93.23986,2023-11-12,2023,HUMAN_OBSERVATION,EBIRD
Sitta carolinensis,White-breasted Nuthatch,Animalia,Aves,45.019638,-93.24008,2023-11-13,2023,HUMAN_OBSERVATION,EBIRD
Haemorhous mexicanus,House Finch,Animalia,Aves,45.019638,-93.24008,2023-11-13,2023,HUMAN_OBSERVATION,EBIRD
Melanerpes carolinus,Red-bellied Woodpecker,Animalia,Aves,45.019997,-93.23986,2023-11-12,2023,HUMAN_OBSERVATION,EBIRD
Melanerpes carolinus,Red-bellied Woodpecker,Animalia,Aves,45.019638,-93.24008,2023-11-13,2023,HUMAN_OBSERVATION,EBIRD
Cardinalis cardinalis,Northern Cardinal,Animalia,Aves,45.019997,-93.23986,2023-11-12,2023,HUMAN_OBSERVATION,EBIRD
Sitta carolinensis,White-breasted Nuthatch,Animalia,Aves,45.019638,-93.24008,2023-11-29,2023,HUMAN_OBSERVATION,EBIRD
Junco hyemalis,Dark-eyed Junco,Animalia,Aves,45.019638,-93.24008,2023-11-13,2023,HUMAN_OBSERVATION,EBIRD
Poecile atricapillus,Black-capped Chickadee,Animalia,Aves,45.019638,-93.24008,2023-11-29,2023,HUMAN_OBSERVATION,EBIRD
Poecile atricapillus,Black-capped Chickadee,Animalia,Aves,45.019638,-93.24008,2023-11-13,2023,HUMAN_OBSERVATION,EBIRD
Dryobates pubescens,Downy Woodpecker,Animalia,Aves,45.019997,-93.23986,2023-11-12,2023,HUMAN_OBSERVATION,EBIRD
Passer domesticus,House Sparrow,Animalia,Aves,45.019997,-93.23986,2023-11-12,2023,HUMAN_OBSERVATION,EBIRD
Junco hyemalis,Dark-eyed Junco,Animalia,Aves,45.019997,-93.23986,2023-11-12,2023,HUMAN_OBSERVATION,EBIRD
Spinus tristis,American Goldfinch,Animalia,Aves,45.019638,-93.24008,2023-11-29,2023,HUMAN_OBSERVATION,EBIRD
Junco hyemalis,Dark-eyed Junco,Animalia,Aves,45.019638,-93.24008,2023-11-29,2023,HUMAN_OBSERVATION,EBIRD
Melanerpes carolinus,Red-bellied Woodpecker,Animalia,Aves,45.019638,-93.24008,2023-11-29,2023,HUMAN_OBSERVATION,EBIRD
Cardinalis cardinalis,Northern Cardinal,Animalia,Aves,45.019638,-93.24008,2023-11-29,2023,HUMAN_OBSERVATION,EBIRD
Corvus brachyrhynchos,American Crow,Animalia,Aves,45.019997,-93.23986,2023-11-12,2023,HUMAN_OBSERVATION,EBIRD
Leuconotopicus villosus,Hairy Woodpecker,Animalia,Aves,45.019997,-93.23986,2023-11-12,2023,HUMAN_OBSERVATION,EBIRD
Cyanocitta cristata,Blue Jay,Animalia,Aves,45.019997,-93.23986,2023-11-12,2023,HUMAN_OBSERVATION,EBIRD
Haemorhous mexicanus,House Finch,Animalia,Aves,45.019638,-93.24008,2023-11-29,2023,HUMAN_OBSERVATION,EBIRD
Passer domesticus,House Sparrow,Animalia,Aves,45.019638,-93.24008,2023-11-29,2023,HUMAN_OBSERVATION,EBIRD
Cyanocitta cristata,Blue Jay,Animalia,Aves,45.019638,-93.24008,2023-11-29,2023,HUMAN_OBSERVATION,EBIRD
Cyanocitta cristata,Blue Jay,Animalia,Aves,45.019638,-93.24008,2023-11-13,2023,HUMAN_OBSERVATION,EBIRD
Spinus tristis,American Goldfinch,Animalia,Aves,45.019638,-93.24008,2023-12-02,2023,HUMAN_OBSERVATION,EBIRD
Colaptes auratus,Northern Flicker,Animalia,Aves,45.019638,-93.24008,2023-12-02,2023,HUMAN_OBSERVATION,EBIRD
Sitta carolinensis,White-breasted Nuthatch,Animalia,Aves,45.019638,-93.24008,2023-12-02,2023,HUMAN_OBSERVATION,EBIRD
Corvus brachyrhynchos,American Crow,Animalia,Aves,45.019638,-93.24008,2023-12-02,2023,HUMAN_OBSERVATION,EBIRD
Haemorhous mexicanus,House Finch,Animalia,Aves,45.019638,-93.24008,2023-12-02,2023,HUMAN_OBSERVATION,EBIRD
Cyanocitta cristata,Blue Jay,Animalia,Aves,45.019638,-93.24008,2023-12-02,2023,HUMAN_OBSERVATION,EBIRD
Cardinalis cardinalis,Northern Cardinal,Animalia,Aves,45.019638,-93.24008,2023-12-02,2023,HUMAN_OBSERVATION,EBIRD
Melanerpes carolinus,Red-bellied Woodpecker,Animalia,Aves,45.019638,-93.24008,2023-12-02,2023,HUMAN_OBSERVATION,EBIRD
Poecile atricapillus,Black-capped Chickadee,Animalia,Aves,45.019638,-93.24008,2023-12-02,2023,HUMAN_OBSERVATION,EBIRD
Agapostemon virescens,,Animalia,Insecta,45.019705,-93.241472,2022-06-21,2022,HUMAN_OBSERVATION,iNaturalist research-grade observations
Colaptes auratus,Northern Flicker,Animalia,Aves,45.019638,-93.24008,2022-12-16,2022,HUMAN_OBSERVATION,EBIRD
Elkalyce comyntas,,Animalia,Insecta,45.019609,-93.240017,2021-08-06,2021,HUMAN_OBSERVATION,iNaturalist research-grade observations
Chauliognathus pensylvanicus,,Animalia,Insecta,45.019832,-93.238819,2020-08-10,2020,HUMAN_OBSERVATION,iNaturalist research-grade observations
Cardinalis cardinalis,Northern Cardinal,Animalia,Aves,45.020226,-93.24038,2019-03-29,2019,HUMAN_OBSERVATION,EBIRD
Turdus migratorius,American Robin,Animalia,Aves,45.020226,-93.24038,2019-03-29,2019,HUMAN_OBSERVATION,EBIRD
Corvus brachyrhynchos,American Crow,Animalia,Aves,45.020226,-93.24038,2019-03-29,2019,HUMAN_OBSERVATION,EBIRD
Passer domesticus,House Sparrow,Animalia,Aves,45.020226,-93.24038,2019-03-29,2019,HUMAN_OBSERVATION,EBIRD
Sturnus vulgaris,European Starling,Animalia,Aves,45.020226,-93.24038,2019-03-29,2019,HUMAN_OBSERVATION,EBIRD
Cyanocitta cristata,Blue Jay,Animalia,Aves,45.020226,-93.24038,2019-03-29,2019,HUMAN_OBSERVATION,EBIRD
Celtis occidentalis,,Plantae,Magnoliopsida,45.019906,-93.239932,2019-09-06,2019,HUMAN_OBSERVATION,iNaturalist research-grade observations
Andrena wilkella,,Animalia,Insecta,45.0196,-93.2396,2018-06-28,2018,PRESERVED_SPECIMEN,UMSP
Andrena wilkella,,Animalia,Insecta,45.0196,-93.2396,2018-06-28,2018,PRESERVED_SPECIMEN,UMSP
Colletes kincaidii,,Animalia,Insecta,45.0196,-93.2396,2018-06-28,2018,PRESERVED_SPECIMEN,UMSP
Andrena wilkella,,Animalia,Insecta,45.0196,-93.2396,2018-06-28,2018,PRESERVED_SPECIMEN,UMSP
Andrena wilkella,,Animalia,Insecta,45.0196,-93.2396,2018-06-28,2018,PRESERVED_SPECIMEN,UMSP
Bombus impatiens,,Animalia,Insecta,45.019788,-93.240211,2018-07-24,2018,PRESERVED_SPECIMEN,UMSP
Bombus impatiens,,Animalia,Insecta,45.019788,-93.240211,2018-07-17,2018,PRESERVED_SPECIMEN,UMSP
Bombus impatiens,,Animalia,Insecta,45.019788,-93.240211,2018-07-24,2018,PRESERVED_SPECIMEN,UMSP
Bombus impatiens,,Animalia,Insecta,45.019788,-93.240211,2018-07-09,2018,PRESERVED_SPECIMEN,UMSP
Bombus impatiens,,Animalia,Insecta,45.019788,-93.240211,2018-07-17,2018,PRESERVED_SPECIMEN,UMSP
Bombus impatiens,,Animalia,Insecta,45.019788,-93.240211,2018-07-24,2018,PRESERVED_SPECIMEN,UMSP
Bombus impatiens,,Animalia,Insecta,45.019788,-93.240211,2018-07-17,2018,PRESERVED_SPECIMEN,UMSP
Bombus impatiens,,Animalia,Insecta,45.019788,-93.240211,2018-07-31,2018,PRESERVED_SPECIMEN,UMSP
Bombus impatiens,,Animalia,Insecta,45.019788,-93.240211,2018-07-24,2018,PRESERVED_SPECIMEN,UMSP
Bombus fervidus,,Animalia,Insecta,45.0196,-93.2396,2018-07-11,2018,PRESERVED_SPECIMEN,UMSP
Bombus impatiens,,Animalia,Insecta,45.019788,-93.240211,2018-07-31,2018,PRESERVED_SPECIMEN,UMSP
Andrena wilkella,,Animalia,Insecta,45.0196,-93.2396,2018-07-09,2018,PRESERVED_SPECIMEN,UMSP
Andrena wilkella,,Animalia,Insecta,45.0196,-93.2396,2018-07-09,2018,PRESERVED_SPECIMEN,UMSP
Andrena wilkella,,Animalia,Insecta,45.0196,-93.2396,2018-07-09,2018,PRESERVED_SPECIMEN,UMSP
Andrena wilkella,,Animalia,Insecta,45.0196,-93.2396,2018-07-09,2018,PRESERVED_SPECIMEN,UMSP
Coelioxys rufitarsis,,Animalia,Insecta,45.0196,-93.2396,2018-07-24,2018,PRESERVED_SPECIMEN,UMSP
Andrena wilkella,,Animalia,Insecta,45.0196,-93.2396,2018-07-09,2018,PRESERVED_SPECIMEN,UMSP
Andrena wilkella,,Animalia,Insecta,45.0196,-93.2396,2018-07-09,2018,PRESERVED_SPECIMEN,UMSP
Andrena wilkella,,Animalia,Insecta,45.0196,-93.2396,2018-07-09,2018,PRESERVED_SPECIMEN,UMSP
Andrena wilkella,,Animalia,Insecta,45.0196,-93.2396,2018-07-09,2018,PRESERVED_SPECIMEN,UMSP
Andrena wilkella,,Animalia,Insecta,45.0196,-93.2396,2018-07-09,2018,PRESERVED_SPECIMEN,UMSP
Bombus impatiens,,Animalia,Insecta,45.019788,-93.240211,2018-08-15,2018,PRESERVED_SPECIMEN,UMSP
Bombus rufocinctus,,Animalia,Insecta,45.019788,-93.240211,2018-08-15,2018,PRESERVED_SPECIMEN,UMSP
Bombus impatiens,,Animalia,Insecta,45.019788,-93.240211,2018-08-08,2018,PRESERVED_SPECIMEN,UMSP
Bombus impatiens,,Animalia,Insecta,45.019788,-93.240211,2018-08-15,2018,PRESERVED_SPECIMEN,UMSP
Andrena dunningi,,Animalia,Insecta,45.019788,-93.240211,2017-06-05,2017,PRESERVED_SPECIMEN,UMSP
Bombus impatiens,,Animalia,Insecta,45.019788,-93.240211,2017-07-19,2017,PRESERVED_SPECIMEN,UMSP
Bombus impatiens,,Animalia,Insecta,45.019788,-93.240211,2017-07-19,2017,PRESERVED_SPECIMEN,UMSP
Bombus impatiens,,Animalia,Insecta,45.019788,-93.240211,2017-07-31,2017,PRESERVED_SPECIMEN,UMSP
Bombus impatiens,,Animalia,Insecta,45.019788,-93.240211,2017-07-19,2017,PRESERVED_SPECIMEN,UMSP
Bombus impatiens,,Animalia,Insecta,45.019788,-93.240211,2017-07-19,2017,PRESERVED_SPECIMEN,UMSP
Bombus impatiens,,Animalia,Insecta,45.019788,-93.240211,2017-07-19,2017,PRESERVED_SPECIMEN,UMSP
Megachile frigida,,Animalia,Insecta,45.01969,-93.239648,2017-07-06,2017,PRESERVED_SPECIMEN,UMSP
Melissodes bimaculatus,,Animalia,Insecta,45.01969,-93.239648,2017-07-31,2017,PRESERVED_SPECIMEN,UMSP
Bombus impatiens,,Animalia,Insecta,45.019788,-93.240211,2017-08-10,2017,PRESERVED_SPECIMEN,UMSP
Bombus impatiens,,Animalia,Insecta,45.019788,-93.240211,2017-08-07,2017,PRESERVED_SPECIMEN,UMSP
Andrena wilmattae,,Animalia,Insecta,45.019788,-93.240211,2016-06-07,2016,PRESERVED_SPECIMEN,UMSP
Andrena commoda,,Animalia,Insecta,45.019788,-93.240211,2016-06-15,2016,PRESERVED_SPECIMEN,UMSP
Andrena wilmattae,,Animalia,Insecta,45.019788,-93.240211,2016-06-07,2016,PRESERVED_SPECIMEN,UMSP
Bombus rufocinctus,,Animalia,Insecta,45.019788,-93.240211,2016-06-15,2016,PRESERVED_SPECIMEN,UMSP
Bombus rufocinctus,,Animalia,Insecta,45.019788,-93.240211,2016-06-15,2016,PRESERVED_SPECIMEN,UMSP
Bombus impatiens,,Animalia,Insecta,45.01969,-93.239648,2016-06-29,2016,PRESERVED_SPECIMEN,UMSP
Bombus impatiens,,Animalia,Insecta,45.01969,-93.239648,2016-06-29,2016,PRESERVED_SPECIMEN,UMSP
Bombus impatiens,,Animalia,Insecta,45.01969,-93.239648,2016-07-08,2016,PRESERVED_SPECIMEN,UMSP
Bombus impatiens,,Animalia,Insecta,45.01969,-93.239648,2016-07-13,2016,PRESERVED_SPECIMEN,UMSP
Bombus impatiens,,Animalia,Insecta,45.01969,-93.239648,2016-07-08,2016,PRESERVED_SPECIMEN,UMSP
Bombus impatiens,,Animalia,Insecta,45.01969,-93.239648,2016-07-08,2016,PRESERVED_SPECIMEN,UMSP
Andrena wilkella,,Animalia,Insecta,45.01969,-93.239648,2016-07-13,2016,PRESERVED_SPECIMEN,UMSP
Andrena wilkella,,Animalia,Insecta,45.01969,-93.239648,2016-07-13,2016,PRESERVED_SPECIMEN,UMSP
Andrena wilkella,,Animalia,Insecta,45.01969,-93.239648,2016-07-13,2016,PRESERVED_SPECIMEN,UMSP
Andrena wilkella,,Animalia,Insecta,45.01969,-93.239648,2016-07-13,2016,PRESERVED_SPECIMEN,UMSP
Andrena wilkella,,Animalia,Insecta,45.01969,-93.239648,2016-07-13,2016,PRESERVED_SPECIMEN,UMSP
Andrena wilkella,,Animalia,Insecta,45.01969,-93.239648,2016-07-13,2016,PRESERVED_SPECIMEN,UMSP
Bombus impatiens,,Animalia,Insecta,45.01969,-93.239648,2016-08-08,2016,PRESERVED_SPECIMEN,UMSP
Bombus impatiens,,Animalia,Insecta,45.01969,-93.239648,2016-08-08,2016,PRESERVED_SPECIMEN,UMSP
Andrena wilkella,,Animalia,Insecta,45.01969,-93.239648,2015-06-18,2015,PRESERVED_SPECIMEN,UMSP
Andrena wilkella,,Animalia,Insecta,45.01969,-93.239648,2015-06-18,2015,PRESERVED_SPECIMEN,UMSP
Andrena wilkella,,Animalia,Insecta,45.019958,-93.23904,2015-06-29,2015,PRESERVED_SPECIMEN,UMSP
Calliopsis andreniformis,,Animalia,Insecta,45.019717,-93.239162,2015-07-02,2015,PRESERVED_SPECIMEN,UMSP
Calliopsis andreniformis,,Animalia,Insecta,45.019717,-93.239162,2015-07-02,2015,PRESERVED_SPECIMEN,UMSP
Calliopsis andreniformis,,Animalia,Insecta,45.019858,-93.23904,2015-07-29,2015,PRESERVED_SPECIMEN,UMSP
Calliopsis andreniformis,,Animalia,Insecta,45.019717,-93.239162,2015-07-02,2015,PRESERVED_SPECIMEN,UMSP
Calliopsis andreniformis,,Animalia,Insecta,45.019717,-93.239162,2015-07-02,2015,PRESERVED_SPECIMEN,UMSP
Calliopsis andreniformis,,Animalia,Insecta,45.019717,-93.239162,2015-07-02,2015,PRESERVED_SPECIMEN,UMSP
Calliopsis andreniformis,,Animalia,Insecta,45.019717,-93.239162,2015-07-02,2015,PRESERVED_SPECIMEN,UMSP
Calliopsis andreniformis,,Animalia,Insecta,45.019717,-93.239162,2015-07-02,2015,PRESERVED_SPECIMEN,UMSP
Calliopsis andreniformis,,Animalia,Insecta,45.019717,-93.239162,2015-07-02,2015,PRESERVED_SPECIMEN,UMSP
Calliopsis andreniformis,,Animalia,Insecta,45.019717,-93.239162,2015-07-02,2015,PRESERVED_SPECIMEN,UMSP
Calliopsis andreniformis,,Animalia,Insecta,45.019858,-93.23904,2015-07-29,2015,PRESERVED_SPECIMEN,UMSP
Calliopsis andreniformis,,Animalia,Insecta,45.019717,-93.239162,2015-07-02,2015,PRESERVED_SPECIMEN,UMSP
Calliopsis andreniformis,,Animalia,Insecta,45.019858,-93.23904,2015-07-29,2015,PRESERVED_SPECIMEN,UMSP
Andrena wilkella,,Animalia,Insecta,45.019717,-93.239162,2015-07-02,2015,PRESERVED_SPECIMEN,UMSP
Andrena wilkella,,Animalia,Insecta,45.019958,-93.241959,2015-07-13,2015,PRESERVED_SPECIMEN,UMSP
Andrena wilkella,,Animalia,Insecta,45.019717,-93.239162,2015-07-02,2015,PRESERVED_SPECIMEN,UMSP
Andrena wilkella,,Animalia,Insecta,45.019958,-93.241959,2015-07-13,2015,PRESERVED_SPECIMEN,UMSP
Andrena wilkella,,Animalia,Insecta,45.019717,-93.239162,2015-07-02,2015,PRESERVED_SPECIMEN,UMSP
Andrena wilkella,,Animalia,Insecta,45.019858,-93.23904,2015-07-29,2015,PRESERVED_SPECIMEN,UMSP
Andrena wilkella,,Animalia,Insecta,45.019717,-93.239162,2015-07-02,2015,PRESERVED_SPECIMEN,UMSP
Andrena wilkella,,Animalia,Insecta,45.019958,-93.241959,2015-07-13,2015,PRESERVED_SPECIMEN,UMSP
Andrena wilkella,,Animalia,Insecta,45.019958,-93.241959,2015-07-13,2015,PRESERVED_SPECIMEN,UMSP
Bombus impatiens,,Animalia,Insecta,45.019858,-93.241959,2015-07-13,2015,PRESERVED_SPECIMEN,UMSP
Bombus impatiens,,Animalia,Insecta,45.019858,-93.241959,2015-07-13,2015,PRESERVED_SPECIMEN,UMSP
Bombus impatiens,,Animalia,Insecta,45.019858,-93.23904,2015-07-29,2015,PRESERVED_SPECIMEN,UMSP
Bombus rufocinctus,,Animalia,Insecta,45.019717,-93.239162,2015-07-02,2015,PRESERVED_SPECIMEN,UMSP
Bombus impatiens,,Animalia,Insecta,45.019858,-93.23904,2015-07-29,2015,PRESERVED_SPECIMEN,UMSP
Bombus impatiens,,Animalia,Insecta,45.019858,-93.23904,2015-07-29,2015,PRESERVED_SPECIMEN,UMSP
Bombus impatiens,,Animalia,Insecta,45.019858,-93.23904,2015-07-29,2015,PRESERVED_SPECIMEN,UMSP
Bombus impatiens,,Animalia,Insecta,45.019858,-93.241959,2015-07-13,2015,PRESERVED_SPECIMEN,UMSP
Bombus impatiens,,Animalia,Insecta,45.019858,-93.23904,2015-07-29,2015,PRESERVED_SPECIMEN,UMSP
Bombus impatiens,,Animalia,Insecta,45.019858,-93.23904,2015-07-29,2015,PRESERVED_SPECIMEN,UMSP
Bombus impatiens,,Animalia,Insecta,45.019858,-93.23904,2015-07-29,2015,PRESERVED_SPECIMEN,UMSP
Bombus impatiens,,Animalia,Insecta,45.019858,-93.241959,2015-07-13,2015,PRESERVED_SPECIMEN,UMSP
Bombus impatiens,,Animalia,Insecta,45.019858,-93.241959,2015-07-13,2015,PRESERVED_SPECIMEN,UMSP
Bombus fervidus,,Animalia,Insecta,45.019958,-93.241959,2015-07-13,2015,PRESERVED_SPECIMEN,UMSP
Bombus bimaculatus,,Animalia,Insecta,45.019858,-93.23904,2015-07-29,2015,PRESERVED_SPECIMEN,UMSP
Bombus impatiens,,Animalia,Insecta,45.019858,-93.241959,2015-07-13,2015,PRESERVED_SPECIMEN,UMSP
Bombus fervidus,,Animalia,Insecta,45.019858,-93.23904,2015-07-29,2015,PRESERVED_SPECIMEN,UMSP
Bombus impatiens,,Animalia,Insecta,45.019858,-93.241959,2015-07-13,2015,PRESERVED_SPECIMEN,UMSP
Bombus impatiens,,Animalia,Insecta,45.019858,-93.23904,2015-07-29,2015,PRESERVED_SPECIMEN,UMSP
Bombus impatiens,,Animalia,Insecta,45.019858,-93.241959,2015-07-13,2015,PRESERVED_SPECIMEN,UMSP
Bombus impatiens,,Animalia,Insecta,45.019858,-93.23904,2015-07-29,2015,PRESERVED_SPECIMEN,UMSP
Anthidium oblongatum,,Animalia,Insecta,45.019958,-93.241959,2015-07-13,2015,PRESERVED_SPECIMEN,UMSP
Megachile latimanus,,Animalia,Insecta,45.019858,-93.23904,2015-07-29,2015,PRESERVED_SPECIMEN,UMSP
Calliopsis andreniformis,,Animalia,Insecta,45.019786,-93.239534,2015-08-11,2015,PRESERVED_SPECIMEN,UMSP
Calliopsis andreniformis,,Animalia,Insecta,45.019786,-93.239534,2015-08-11,2015,PRESERVED_SPECIMEN,UMSP
Calliopsis andreniformis,,Animalia,Insecta,45.019786,-93.239534,2015-08-11,2015,PRESERVED_SPECIMEN,UMSP
Calliopsis andreniformis,,Animalia,Insecta,45.019786,-93.239534,2015-08-11,2015,PRESERVED_SPECIMEN,UMSP
Bombus impatiens,,Animalia,Insecta,45.019708,-93.239429,2015-08-24,2015,PRESERVED_SPECIMEN,UMSP
Bombus impatiens,,Animalia,Insecta,45.019708,-93.239429,2015-08-24,2015,PRESERVED_SPECIMEN,UMSP
Bombus impatiens,,Animalia,Insecta,45.019708,-93.239429,2015-08-24,2015,PRESERVED_SPECIMEN,UMSP
Bombus impatiens,,Animalia,Insecta,45.019786,-93.239534,2015-08-11,2015,PRESERVED_SPECIMEN,UMSP
Bombus impatiens,,Animalia,Insecta,45.019708,-93.239429,2015-08-24,2015,PRESERVED_SPECIMEN,UMSP
Bombus impatiens,,Animalia,Insecta,45.019786,-93.239534,2015-08-11,2015,PRESERVED_SPECIMEN,UMSP
Bombus impatiens,,Animalia,Insecta,45.019786,-93.239534,2015-08-11,2015,PRESERVED_SPECIMEN,UMSP
Bombus impatiens,,Animalia,Insecta,45.019708,-93.239429,2015-08-24,2015,PRESERVED_SPECIMEN,UMSP
Bombus impatiens,,Animalia,Insecta,45.019786,-93.239534,2015-08-11,2015,PRESERVED_SPECIMEN,UMSP
Bombus impatiens,,Animalia,Insecta,45.019786,-93.239534,2015-08-11,2015,PRESERVED_SPECIMEN,UMSP
Bombus impatiens,,Animalia,Insecta,45.019708,-93.239429,2015-08-24,2015,PRESERVED_SPECIMEN,UMSP
Bombus impatiens,,Animalia,Insecta,45.019786,-93.239534,2015-08-11,2015,PRESERVED_SPECIMEN,UMSP
Bombus impatiens,,Animalia,Insecta,45.019786,-93.239534,2015-08-11,2015,PRESERVED_SPECIMEN,UMSP
Bombus impatiens,,Animalia,Insecta,45.019708,-93.239429,2015-08-24,2015,PRESERVED_SPECIMEN,UMSP
Bombus impatiens,,Animalia,Insecta,45.019708,-93.239429,2015-08-24,2015,PRESERVED_SPECIMEN,UMSP
Bombus impatiens,,Animalia,Insecta,45.019786,-93.239534,2015-08-11,2015,PRESERVED_SPECIMEN,UMSP
Bombus impatiens,,Animalia,Insecta,45.019708,-93.239429,2015-08-24,2015,PRESERVED_SPECIMEN,UMSP
Bombus impatiens,,Animalia,Insecta,45.019786,-93.239534,2015-08-11,2015,PRESERVED_SPECIMEN,UMSP
Sturnus vulgaris,European Starling,Animalia,Aves,45.019802,-93.240135,2014-03-29,2014,HUMAN_OBSERVATION,EBIRD
Poecile atricapillus,Black-capped Chickadee,Animalia,Aves,45.019802,-93.240135,2014-03-29,2014,HUMAN_OBSERVATION,EBIRD
Corvus brachyrhynchos,American Crow,Animalia,Aves,45.019802,-93.240135,2014-03-29,2014,HUMAN_OBSERVATION,EBIRD
Turdus migratorius,American Robin,Animalia,Aves,45.019802,-93.240135,2014-03-29,2014,HUMAN_OBSERVATION,EBIRD
