species,common,kingdom,class,records,years,lat,lon
"Agelenopsis Giebel, 1869",,Animalia,Arachnida,7,2020-2025,45.017641,-93.243639
Neoscona crucifera,,Animalia,Arachnida,3,2022-2025,45.016313,-93.24097
Attulus fasciger,,Animalia,Arachnida,2,2022-2026,45.021404,-93.243734
Salticus scenicus,,Animalia,Arachnida,2,2024-2026,45.015248,-93.23995
Phidippus audax,,Animalia,Arachnida,2,2025-2026,45.020243,-93.237979
Dermacentor variabilis,,Animalia,Arachnida,2,2021-2025,45.021572,-93.245282
Phalangium opilio,,Animalia,Arachnida,2,2022-2025,45.019219,-93.242165
Argiope aurantia,,Animalia,Arachnida,2,2019-2020,45.016411,-93.234008
Theridion frondeum,,Animalia,Arachnida,1,2026-2026,45.016654,-93.232795
Amblyomma maculatum,,Animalia,Arachnida,1,2026-2026,45.021422,-93.243837
Eris militaris,,Animalia,Arachnida,1,2024-2024,45.021563,-93.233151
Misumessus oblongus,,Animalia,Arachnida,1,2022-2022,45.021458,-93.243545
Poecile atricapillus,Black-capped Chickadee,Animalia,Aves,1403,1999-2026,45.018876,-93.241508
Cardinalis cardinalis,Northern Cardinal,Animalia,Aves,1386,1999-2024,45.018919,-93.24151
Passer domesticus,House Sparrow,Animalia,Aves,1196,1999-2026,45.018765,-93.241313
Corvus brachyrhynchos,American Crow,Animalia,Aves,1193,1999-2024,45.019055,-93.24171
Haemorhous mexicanus,House Finch,Animalia,Aves,930,1999-2024,45.018861,-93.241537
Spinus tristis,American Goldfinch,Animalia,Aves,874,2001-2024,45.018864,-93.241363
Dryobates pubescens,Downy Woodpecker,Animalia,Aves,860,1999-2024,45.018976,-93.241784
Turdus migratorius,American Robin,Animalia,Aves,789,2003-2024,45.019087,-93.241951
Cyanocitta cristata,Blue Jay,Animalia,Aves,779,2003-2024,45.019014,-93.241577
Sitta carolinensis,White-breasted Nuthatch,Animalia,Aves,714,1999-2024,45.018894,-93.241508
Troglodytes aedon,Northern House Wren,Animalia,Aves,535,2003-2024,45.019107,-93.241592
Spizella passerina,Chipping Sparrow,Animalia,Aves,522,2003-2024,45.018842,-93.241717
Chaetura pelagica,Chimney Swift,Animalia,Aves,328,2003-2024,45.019031,-93.242142
Melanerpes carolinus,Red-bellied Woodpecker,Animalia,Aves,163,2004-2024,45.018667,-93.24135
Anas platyrhynchos,Mallard,Animalia,Aves,155,2001-2024,45.019173,-93.241979
Junco hyemalis,Dark-eyed Junco,Animalia,Aves,151,1999-2024,45.017553,-93.240364
Zenaida macroura,Mourning Dove,Animalia,Aves,150,2003-2026,45.01917,-93.242059
Molothrus ater,Brown-headed Cowbird,Animalia,Aves,123,2004-2024,45.018687,-93.241595
Dumetella carolinensis,Gray Catbird,Animalia,Aves,114,2003-2024,45.018902,-93.24171
Leuconotopicus villosus,Hairy Woodpecker,Animalia,Aves,113,1999-2024,45.018043,-93.241566
Branta canadensis,Canada Goose,Animalia,Aves,107,2001-2025,45.018875,-93.241561
Zonotrichia albicollis,White-throated Sparrow,Animalia,Aves,86,2001-2024,45.017711,-93.240386
Quiscalus quiscula,Common Grackle,Animalia,Aves,85,1999-2024,45.019251,-93.242204
Sturnus vulgaris,European Starling,Animalia,Aves,81,1999-2024,45.019052,-93.24209
"Astur Lacepède, 1799",Cooper's Hawk,Animalia,Aves,72,2005-2024,45.018125,-93.240776
Vireo olivaceus,Red-eyed Vireo,Animalia,Aves,52,2003-2024,45.018845,-93.241825
Agelaius phoeniceus,Red-winged Blackbird,Animalia,Aves,33,2004-2024,45.018731,-93.241153
Sitta canadensis,Red-breasted Nuthatch,Animalia,Aves,29,2003-2024,45.018449,-93.241817
Meleagris gallopavo,Wild Turkey,Animalia,Aves,27,2012-2025,45.019215,-93.239998
Setophaga coronata,Yellow-rumped Warbler,Animalia,Aves,27,2003-2024,45.016929,-93.236908
Chordeiles minor,Common Nighthawk,Animalia,Aves,27,2003-2024,45.018859,-93.241281
Buteo jamaicensis,Red-tailed Hawk,Animalia,Aves,26,2001-2024,45.019351,-93.24144
Certhia americana,Brown Creeper,Animalia,Aves,25,2003-2024,45.016615,-93.239715
Colaptes auratus,Northern Flicker,Animalia,Aves,25,2004-2024,45.017744,-93.239864
Archilochus colubris,Ruby-throated Hummingbird,Animalia,Aves,23,2003-2024,45.017654,-93.238205
Leiothlypis ruficapilla,Nashville Warbler,Animalia,Aves,22,2011-2024,45.0169,-93.237896
Larus delawarensis,Ring-billed Gull,Animalia,Aves,22,2004-2024,45.019074,-93.240757
Buteo platypterus,Broad-winged Hawk,Animalia,Aves,21,2010-2024,45.017591,-93.238414
Hirundo rustica,Barn Swallow,Animalia,Aves,21,2007-2024,45.019206,-93.241805
Falco columbarius,Merlin,Animalia,Aves,19,2001-2024,45.016679,-93.237948
Regulus calendula,Ruby-crowned Kinglet,Animalia,Aves,19,2011-2024,45.016618,-93.236571
Dryocopus pileatus,Pileated Woodpecker,Animalia,Aves,18,2005-2024,45.01903,-93.242034
Ardea alba,Great Egret,Animalia,Aves,17,2003-2024,45.018473,-93.241416
Charadrius vociferus,Killdeer,Animalia,Aves,16,2005-2024,45.01896,-93.242368
Ardea herodias,Great Blue Heron,Animalia,Aves,15,2004-2024,45.018383,-93.241621
Melospiza melodia,Song Sparrow,Animalia,Aves,14,2006-2024,45.017726,-93.242532
Leiothlypis peregrina,Tennessee Warbler,Animalia,Aves,13,2018-2024,45.017063,-93.237078
Myiarchus crinitus,Great Crested Flycatcher,Animalia,Aves,13,2022-2024,45.019411,-93.241582
Icterus galbula,Baltimore Oriole,Animalia,Aves,12,2003-2024,45.018271,-93.239359
Setophaga ruticilla,American Redstart,Animalia,Aves,12,2011-2024,45.016088,-93.235665
Bombycilla cedrorum,Cedar Waxwing,Animalia,Aves,12,2003-2024,45.018193,-93.241785
Bubo virginianus,Great Horned Owl,Animalia,Aves,11,2010-2024,45.018864,-93.24123
Catharus guttatus,Hermit Thrush,Animalia,Aves,11,2003-2024,45.017716,-93.239714
Sphyrapicus varius,Yellow-bellied Sapsucker,Animalia,Aves,11,2007-2023,45.016166,-93.23652
Haliaeetus leucocephalus,Bald Eagle,Animalia,Aves,10,2009-2024,45.018552,-93.239093
Catharus ustulatus,Swainson's Thrush,Animalia,Aves,10,2011-2024,45.016362,-93.237075
Columba livia,Rock Pigeon,Animalia,Aves,10,2001-2019,45.019145,-93.241877
Sayornis phoebe,Eastern Phoebe,Animalia,Aves,9,2015-2024,45.015419,-93.238589
Spinus pinus,Pine Siskin,Animalia,Aves,9,1999-2019,45.017523,-93.241675
Regulus satrapa,Golden-crowned Kinglet,Animalia,Aves,8,2015-2024,45.015474,-93.237613
Phalacrocorax auritus,Double-crested Cormorant,Animalia,Aves,7,2022-2024,45.017228,-93.239466
Accipiter striatus,Sharp-shinned Hawk,Animalia,Aves,7,2003-2020,45.018231,-93.240667
Petrochelidon pyrrhonota,Cliff Swallow,Animalia,Aves,7,2008-2020,45.01931,-93.24225
Setophaga pensylvanica,Chestnut-sided Warbler,Animalia,Aves,6,2011-2023,45.016451,-93.234096
Leiothlypis celata,Orange-crowned Warbler,Animalia,Aves,5,2016-2024,45.016379,-93.238063
Troglodytes hiemalis,Winter Wren,Animalia,Aves,5,2018-2024,45.01712,-93.232895
Contopus virens,Eastern Wood-Pewee,Animalia,Aves,5,2005-2020,45.018238,-93.241905
Falco sparverius,American Kestrel,Animalia,Aves,4,1995-2024,45.017519,-93.240267
Cardellina pusilla,Wilson's Warbler,Animalia,Aves,4,2015-2024,45.015168,-93.242763
Geothlypis trichas,Common Yellowthroat,Animalia,Aves,4,2018-2024,45.016359,-93.240684
Circus cyaneus,Northern Harrier,Animalia,Aves,4,2007-2024,45.015107,-93.243668
Spizelloides arborea,American Tree Sparrow,Animalia,Aves,4,2001-2024,45.018142,-93.241221
Setophaga petechia,Yellow Warbler,Animalia,Aves,4,2004-2022,45.019512,-93.240751
Aix sponsa,Wood Duck,Animalia,Aves,4,2007-2020,45.017841,-93.238236
Spizella pallida,Clay-colored Sparrow,Animalia,Aves,3,2011-2024,45.014925,-93.239186
Pheucticus ludovicianus,Rose-breasted Grosbeak,Animalia,Aves,3,2007-2024,45.019133,-93.240302
Pandion haliaetus,Osprey,Animalia,Aves,3,2019-2022,45.01858,-93.239132
Tachycineta bicolor,Tree Swallow,Animalia,Aves,3,2020-2022,45.016622,-93.23378
Setophaga tigrina,Cape May Warbler,Animalia,Aves,3,2011-2022,45.017485,-93.236038
Riparia riparia,Bank Swallow,Animalia,Aves,3,2019-2019,45.01931,-93.24225
Haemorhous purpureus,Purple Finch,Animalia,Aves,3,2006-2018,45.01858,-93.239132
Setophaga castanea,Bay-breasted Warbler,Animalia,Aves,3,2018-2018,45.01712,-93.232895
Mniotilta varia,Black-and-white Warbler,Animalia,Aves,3,2005-2018,45.017523,-93.241675
Strix varia,Barred Owl,Animalia,Aves,2,2020-2024,45.016464,-93.232301
Pipilo erythrophthalmus,Eastern Towhee,Animalia,Aves,2,2024-2024,45.015413,-93.238518
Tyrannus tyrannus,Eastern Kingbird,Animalia,Aves,2,2024-2024,45.019638,-93.24008
Cathartes aura,Turkey Vulture,Animalia,Aves,2,2020-2024,45.014665,-93.239845
Pelecanus erythrorhynchos,American White Pelican,Animalia,Aves,2,2024-2024,45.018558,-93.236378
Setophaga striata,Blackpoll Warbler,Animalia,Aves,2,2011-2023,45.018379,-93.236488
Setophaga caerulescens,Black-throated Blue Warbler,Animalia,Aves,2,2023-2023,45.01712,-93.232895
Setophaga magnolia,Magnolia Warbler,Animalia,Aves,2,2022-2023,45.01712,-93.232895
Piranga olivacea,Scarlet Tanager,Animalia,Aves,2,2011-2023,45.01712,-93.232895
Vireo solitarius,Blue-headed Vireo,Animalia,Aves,2,2022-2023,45.01712,-93.232895
Acanthis flammea,Redpoll,Animalia,Aves,2,2022-2022,45.015535,-93.236709
Setophaga fusca,Blackburnian Warbler,Animalia,Aves,2,2011-2022,45.01712,-93.232895
Passerina cyanea,Indigo Bunting,Animalia,Aves,2,2015-2022,45.016155,-93.237175
Sialia sialis,Eastern Bluebird,Animalia,Aves,2,2015-2020,45.014461,-93.238085
Anser caerulescens,Snow Goose,Animalia,Aves,2,2018-2020,45.01931,-93.24225
Lophodytes cucullatus,Hooded Merganser,Animalia,Aves,2,2011-2019,45.01931,-93.24225
Catharus fuscescens,Veery,Animalia,Aves,2,2004-2019,45.01931,-93.24225
Setophaga palmarum,Palm Warbler,Animalia,Aves,2,2018-2018,45.018215,-93.237572
Passerella iliaca,Fox Sparrow,Animalia,Aves,2,2015-2018,45.015535,-93.236709
Gavia immer,Common Loon,Animalia,Aves,2,2009-2017,45.01931,-93.24225
Polioptila caerulea,Blue-gray Gnatcatcher,Animalia,Aves,1,2024-2024,45.013706,-93.24414
Seiurus aurocapilla,Ovenbird,Animalia,Aves,1,2024-2024,45.013706,-93.24414
Zonotrichia leucophrys,White-crowned Sparrow,Animalia,Aves,1,2024-2024,45.019638,-93.24008
Hydroprogne caspia,Caspian Tern,Animalia,Aves,1,2024-2024,45.013706,-93.24414
Vireo gilvus,Warbling Vireo,Animalia,Aves,1,2024-2024,45.013706,-93.24414
Cygnus buccinator,Trumpeter Swan,Animalia,Aves,1,2024-2024,45.013653,-93.24431
Butorides virescens,,Animalia,Aves,1,2024-2024,45.018452,-93.236465
Setophaga pinus,Pine Warbler,Animalia,Aves,1,2023-2023,45.01395,-93.240524
Anthus rubescens,American Pipit,Animalia,Aves,1,2023-2023,45.013706,-93.24414
Empidonax flaviventris,Yellow-bellied Flycatcher,Animalia,Aves,1,2023-2023,45.01712,-93.232895
Thryothorus ludovicianus,Carolina Wren,Animalia,Aves,1,2021-2021,45.01712,-93.232895
Grus canadensis,Sandhill Crane,Animalia,Aves,1,2021-2021,45.02062,-93.23731
Spatula discors,Blue-winged Teal,Animalia,Aves,1,2020-2020,45.015625,-93.23555
Sturnella magna,Eastern Meadowlark,Animalia,Aves,1,2020-2020,45.015625,-93.23555
Megaceryle alcyon,Belted Kingfisher,Animalia,Aves,1,2020-2020,45.015625,-93.23555
Toxostoma rufum,Brown Thrasher,Animalia,Aves,1,2020-2020,45.01931,-93.24225
Empidonax minimus,Least Flycatcher,Animalia,Aves,1,2020-2020,45.017284,-93.24226
Setophaga virens,Black-throated Green Warbler,Animalia,Aves,1,2018-2018,45.01712,-93.232895
Cygnus columbianus,Tundra Swan,Animalia,Aves,1,2017-2017,45.01712,-93.232895
Buteo lagopus,Rough-legged Hawk,Animalia,Aves,1,2007-2007,45.01931,-93.24225
Accipiter cooperii,,Animalia,Aves,1,2003-2003,45.01931,-93.24225
Oxidus gracilis,,Animalia,Diplopoda,1,2020-2020,45.016158,-93.23242
Ladislavella elodes,,Animalia,Gastropoda,1,1953-1953,45.0167,-93.2333
Bombus impatiens,Common eastern bumble bee,Animalia,Insecta,95,2015-2026,45.019426,-93.23927
Andrena wilkella,,Animalia,Insecta,31,2015-2018,45.019704,-93.239824
Calliopsis andreniformis,,Animalia,Insecta,17,2015-2015,45.019758,-93.239228
Harmonia axyridis,,Animalia,Insecta,15,2019-2026,45.01856,-93.241083
Bombus griseocollis,,Animalia,Insecta,14,2020-2026,45.019555,-93.240652
Danaus plexippus,,Animalia,Insecta,13,2020-2026,45.017918,-93.235531
Bombus auricomus,,Animalia,Insecta,13,2019-2026,45.019144,-93.238396
Bombus rufocinctus,,Animalia,Insecta,11,2015-2026,45.020553,-93.239668
Tetraopes tetrophthalmus,,Animalia,Insecta,9,2020-2026,45.021493,-93.243055
Chauliognathus pensylvanicus,,Animalia,Insecta,9,2020-2026,45.020286,-93.238824
Boisea trivittata,,Animalia,Insecta,9,2021-2025,45.017249,-93.245124
Lucanus placidus,,Animalia,Insecta,7,2022-2026,45.019477,-93.244592
Melanoplus differentialis,,Animalia,Insecta,7,2020-2026,45.018278,-93.236217
Polites coras,,Animalia,Insecta,7,2021-2026,45.019904,-93.239482
Apis mellifera,,Animalia,Insecta,7,2020-2025,45.017332,-93.235556
Bombus bimaculatus,Two-spotted bumble bee,Animalia,Insecta,7,2015-2024,45.019173,-93.240137
Agapostemon virescens,,Animalia,Insecta,6,2021-2026,45.019295,-93.241119
Graphocephala coccinea,,Animalia,Insecta,6,2020-2026,45.01752,-93.240012
Papilio polyxenes,,Animalia,Insecta,6,2021-2026,45.018576,-93.24051
Anax junius,,Animalia,Insecta,4,2020-2024,45.015974,-93.235964
Helophilus fasciatus,,Animalia,Insecta,4,2021-2024,45.021434,-93.241307
Halyomorpha halys,,Animalia,Insecta,3,2022-2026,45.017919,-93.236242
Popillia japonica,,Animalia,Insecta,3,2020-2026,45.017908,-93.238968
Vespula germanica,,Animalia,Insecta,3,2024-2026,45.017013,-93.245841
Jikradia olitoria,,Animalia,Insecta,3,2024-2026,45.01991,-93.242769
Polistes fuscatus,,Animalia,Insecta,3,2022-2026,45.021399,-93.244092
Labidomera clivicollis,,Animalia,Insecta,3,2021-2025,45.017598,-93.239862
Lucidota atra,,Animalia,Insecta,3,2020-2025,45.019095,-93.244398
Delphinia picta,,Animalia,Insecta,3,2022-2025,45.017064,-93.245896
Microcentrum rhombifolium,,Animalia,Insecta,3,2024-2025,45.016606,-93.240491
Pyrrharctia isabella,,Animalia,Insecta,3,2019-2025,45.017138,-93.234811
Pieris rapae,,Animalia,Insecta,3,2022-2024,45.018836,-93.243614
Eristalis dimidiata,,Animalia,Insecta,3,2022-2024,45.021427,-93.243939
Elkalyce comyntas,,Animalia,Insecta,3,2021-2022,45.019692,-93.239558
Bombus fervidus,,Animalia,Insecta,3,2015-2018,45.019805,-93.2402
Lilioceris lilii,,Animalia,Insecta,2,2025-2026,45.019159,-93.244292
Vanessa atalanta,,Animalia,Insecta,2,2026-2026,45.017153,-93.245017
Idia aemula,,Animalia,Insecta,2,2023-2026,45.021428,-93.243698
Daktulosphaira vitifoliae,,Animalia,Insecta,2,2019-2026,45.018715,-93.238247
Epargyreus clarus,,Animalia,Insecta,2,2026-2026,45.016684,-93.240864
Melissodes bimaculatus,,Animalia,Insecta,2,2017-2026,45.01655,-93.242624
Oncopeltus fasciatus,,Animalia,Insecta,2,2026-2026,45.019496,-93.241194
Sympetrum obtrusum,,Animalia,Insecta,2,2024-2026,45.01589,-93.24376
Halysidota tessellaris,,Animalia,Insecta,2,2023-2026,45.016646,-93.239265
Blepharida rhois,,Animalia,Insecta,2,2023-2026,45.019605,-93.237712
Prenolepis imparis,,Animalia,Insecta,2,2023-2025,45.021397,-93.243702
Atalantycha bilineata,,Animalia,Insecta,2,2022-2025,45.021434,-93.243764
Philanthus gibbosus,,Animalia,Insecta,2,2022-2025,45.020446,-93.238931
Mythimna unipuncta,,Animalia,Insecta,2,2025-2025,45.015889,-93.243971
Acanalonia conica,,Animalia,Insecta,2,2022-2025,45.021401,-93.24374
Polistes dominula,,Animalia,Insecta,2,2024-2025,45.018162,-93.245383
Megarhyssa macrura,,Animalia,Insecta,2,2022-2025,45.018184,-93.245334
Vanessa virginiensis,,Animalia,Insecta,2,2022-2024,45.02055,-93.243102
Polydrusus formosus,,Animalia,Insecta,2,2023-2024,45.01919,-93.244216
Aphis nerii,,Animalia,Insecta,2,2022-2024,45.018091,-93.245203
Megachile latimanus,,Animalia,Insecta,2,2015-2024,45.020669,-93.241514
Anthidium manicatum,,Animalia,Insecta,2,2022-2024,45.014035,-93.245411
Camponotus pennsylvanicus,,Animalia,Insecta,2,2023-2024,45.018079,-93.245237
Nymphalis antiopa,,Animalia,Insecta,2,2022-2023,45.020148,-93.2408
Trirhabda canadensis,,Animalia,Insecta,2,2022-2023,45.021437,-93.243931
Speyeria cybele,,Animalia,Insecta,2,2020-2022,45.014319,-93.235812
Libellula luctuosa,,Animalia,Insecta,2,2019-2020,45.015271,-93.241286
Andrena wilmattae,,Animalia,Insecta,2,2016-2016,45.019788,-93.240211
Lacinipolia renigera,,Animalia,Insecta,1,2026-2026,45.016831,-93.244673
Agrochola bicolorago,,Animalia,Insecta,1,2026-2026,45.016911,-93.240892
Anthrenus polonicus,,Animalia,Insecta,1,2026-2026,45.02132,-93.243858
Lagium atroviolaceum,,Animalia,Insecta,1,2026-2026,45.021397,-93.243697
Laphria thoracica,,Animalia,Insecta,1,2026-2026,45.01675,-93.24478
Arocatus melanocephalus,,Animalia,Insecta,1,2026-2026,45.021436,-93.243837
Cucullia convexipennis,,Animalia,Insecta,1,2026-2026,45.023503,-93.244912
Metcalfa pruinosa,,Animalia,Insecta,1,2026-2026,45.02398,-93.244291
Acholla multispinosa,,Animalia,Insecta,1,2026-2026,45.017003,-93.240805
Halictus ligatus,,Animalia,Insecta,1,2026-2026,45.021453,-93.2436
Tipula dorsimacula,,Animalia,Insecta,1,2025-2025,45.01434,-93.233301
Gnophomyia tristissima,,Animalia,Insecta,1,2025-2025,45.021447,-93.243995
Phaeoura quernaria,,Animalia,Insecta,1,2025-2025,45.017334,-93.237442
Poecilocapsus lineatus,,Animalia,Insecta,1,2025-2025,45.021442,-93.24382
Leptopterna dolabrata,,Animalia,Insecta,1,2025-2025,45.021458,-93.24398
Coleomegilla maculata,,Animalia,Insecta,1,2025-2025,45.014887,-93.247098
Orientus ishidae,,Animalia,Insecta,1,2025-2025,45.021406,-93.243845
Cyaniris neglecta,,Animalia,Insecta,1,2025-2025,45.02147,-93.243662
Caenurgina erechtea,,Animalia,Insecta,1,2025-2025,45.014887,-93.247098
Microcrambus elegans,,Animalia,Insecta,1,2025-2025,45.014887,-93.247098
Pyrausta orphisalis,,Animalia,Insecta,1,2025-2025,45.021514,-93.243692
Megacyllene robiniae,,Animalia,Insecta,1,2025-2025,45.021463,-93.239598
Polygonia comma,,Animalia,Insecta,1,2025-2025,45.017017,-93.240775
Micromus posticus,,Animalia,Insecta,1,2025-2025,45.016906,-93.240792
"Pachypsylla Riley, 1883",,Animalia,Insecta,1,2025-2025,45.014887,-93.247098
Cyrtolobus griseus,,Animalia,Insecta,1,2024-2024,45.021439,-93.2436
Amphimallon majale,,Animalia,Insecta,1,2024-2024,45.015971,-93.24546
Emmelina monodactyla,,Animalia,Insecta,1,2024-2024,45.016942,-93.244745
Dichromorpha viridis,,Animalia,Insecta,1,2024-2024,45.021461,-93.243963
Lasius neoniger,,Animalia,Insecta,1,2024-2024,45.021447,-93.243605
Aetole tripunctella,,Animalia,Insecta,1,2024-2024,45.014783,-93.246806
Aeshna umbrosa,,Animalia,Insecta,1,2024-2024,45.014783,-93.246806
Psyche casta,,Animalia,Insecta,1,2024-2024,45.014783,-93.246806
Hippodamia variegata,,Animalia,Insecta,1,2024-2024,45.014783,-93.246806
Creophilus maxillosus,,Animalia,Insecta,1,2024-2024,45.014783,-93.246806
Orius insidiosus,,Animalia,Insecta,1,2024-2024,45.014783,-93.246806
Dicromantispa sayi,,Animalia,Insecta,1,2024-2024,45.021472,-93.243912
Chrysopa oculata,,Animalia,Insecta,1,2023-2023,45.019142,-93.234192
Orthonama obstipata,,Animalia,Insecta,1,2023-2023,45.01469,-93.232943
Calymmaderus nitidus,,Animalia,Insecta,1,2023-2023,45.02057,-93.239096
Hemaris thysbe,,Animalia,Insecta,1,2023-2023,45.015756,-93.232206
Dolichovespula maculata,,Animalia,Insecta,1,2023-2023,45.023109,-93.235207
Andrena nubecula,,Animalia,Insecta,1,2023-2023,45.021325,-93.24395
Vespula maculifrons,,Animalia,Insecta,1,2023-2023,45.021428,-93.243845
Sericomyia militaris,,Animalia,Insecta,1,2023-2023,45.021474,-93.243835
Helophilus latifrons,,Animalia,Insecta,1,2023-2023,45.0215,-93.243575
Toxomerus geminatus,,Animalia,Insecta,1,2023-2023,45.021483,-93.243816
Andrena milwaukeensis,,Animalia,Insecta,1,2022-2022,45.021571,-93.24349
Phytomyza aesculi,,Animalia,Insecta,1,2022-2022,45.023964,-93.243203
Euptoieta claudia,,Animalia,Insecta,1,2022-2022,45.019834,-93.245048
Megarhyssa atrata,,Animalia,Insecta,1,2022-2022,45.021508,-93.243575
Pyralis farinalis,,Animalia,Insecta,1,2022-2022,45.021508,-93.243867
Calomycterus setarius,,Animalia,Insecta,1,2022-2022,45.021422,-93.243828
Cosmopepla lintneriana,,Animalia,Insecta,1,2022-2022,45.021483,-93.243575
Hypoprepia fucosa,,Animalia,Insecta,1,2022-2022,45.021361,-93.243645
"Pyrobombus Dalla Torre, 1880",,Animalia,Insecta,1,2022-2022,45.021447,-93.243753
"Bombus Latreille, 1802",,Animalia,Insecta,1,2022-2022,45.020611,-93.233526
"Agapostemon Guérin-Méneville, 1844",,Animalia,Insecta,1,2022-2022,45.021581,-93.243683
Tremex columba,,Animalia,Insecta,1,2022-2022,45.021545,-93.243605
Parazumia symmorpha,,Animalia,Insecta,1,2022-2022,45.021417,-93.243562
Roeseliana roeselii,,Animalia,Insecta,1,2022-2022,45.021428,-93.243972
Papilio cresphontes,,Animalia,Insecta,1,2022-2022,45.017145,-93.235747
Andrena hirticincta,,Animalia,Insecta,1,2022-2022,45.021371,-93.244089
Galgula partita,,Animalia,Insecta,1,2021-2021,45.020245,-93.24293
Leucrocuta minerva,,Animalia,Insecta,1,2021-2021,45.016859,-93.232385
Macrostemum zebratum,,Animalia,Insecta,1,2021-2021,45.016228,-93.243009
Machimus sadyates,,Animalia,Insecta,1,2021-2021,45.013759,-93.244916
Eumenes fraternus,,Animalia,Insecta,1,2021-2021,45.021868,-93.243527
Argia apicalis,,Animalia,Insecta,1,2021-2021,45.023164,-93.245999
Eristalis tenax,,Animalia,Insecta,1,2021-2021,45.022076,-93.243536
Antheraea polyphemus,,Animalia,Insecta,1,2020-2020,45.016244,-93.232447
Libellula pulchella,,Animalia,Insecta,1,2020-2020,45.023013,-93.23779
Sympetrum vicinum,,Animalia,Insecta,1,2020-2020,45.016456,-93.237759
Papilio glaucus,,Animalia,Insecta,1,2020-2020,45.015817,-93.232643
Pelecinus polyturator,,Animalia,Insecta,1,2020-2020,45.015604,-93.228973
Udea rubigalis,,Animalia,Insecta,1,2020-2020,45.015772,-93.229262
Pelidnota punctata,,Animalia,Insecta,1,2019-2019,45.021454,-93.24364
Vanessa cardui,,Animalia,Insecta,1,2019-2019,45.015836,-93.2324
Colletes kincaidii,,Animalia,Insecta,1,2018-2018,45.0196,-93.2396
Coelioxys rufitarsis,,Animalia,Insecta,1,2018-2018,45.0196,-93.2396
Andrena dunningi,,Animalia,Insecta,1,2017-2017,45.019788,-93.240211
Megachile frigida,,Animalia,Insecta,1,2017-2017,45.01969,-93.239648
Andrena commoda,,Animalia,Insecta,1,2016-2016,45.019788,-93.240211
Anthidium oblongatum,,Animalia,Insecta,1,2015-2015,45.019958,-93.241959
"Porcellionides Miers, 1878",,Animalia,Malacostraca,2,2024-2025,45.014835,-93.246952
Porcellio spinicornis,,Animalia,Malacostraca,1,2026-2026,45.016032,-93.231804
Armadillidium vulgare,,Animalia,Malacostraca,1,2022-2022,45.021358,-93.243622
Sciurus carolinensis,,Animalia,Mammalia,7,2020-2026,45.019351,-93.24071
Sylvilagus floridanus,,Animalia,Mammalia,4,2024-2026,45.021195,-93.244387
Tamias striatus,,Animalia,Mammalia,3,2022-2025,45.021413,-93.243662
Blarina brevicauda,,Animalia,Mammalia,2,2023-2023,45.023275,-93.245487
Procyon lotor,,Animalia,Mammalia,1,2025-2025,45.023633,-93.244714
Vulpes vulpes,,Animalia,Mammalia,1,2022-2022,45.01445,-93.234241
Chrysemys picta,,Animalia,Testudines,1,2025-2025,45.021239,-93.241196
Trametes versicolor,,Fungi,Agaricomycetes,1,2025-2025,45.021016,-93.242176
Agaricaceae,,Fungi,Agaricomycetes,1,2024-2024,45.014783,-93.246806
Laetiporus sulphureus,,Fungi,Agaricomycetes,1,2021-2021,45.024852,-93.245881
Oxneria fallax,,Fungi,Lecanoromycetes,1,2025-2025,45.014887,-93.247098
Puccinia urticata,,Fungi,Pucciniomycetes,1,2016-2016,45.017021,-93.243806
Xylaria polymorpha,,Fungi,Sordariomycetes,1,2022-2022,45.021539,-93.243675
Physcomitrium pyriforme,,Plantae,Bryopsida,1,1901-1901,45.013305,-93.237241
Scilla siberica,,Plantae,Liliopsida,4,2018-2026,45.019371,-93.235853
Tradescantia ohiensis,,Plantae,Liliopsida,2,2025-2026,45.016784,-93.236576
Convallaria majalis,,Plantae,Liliopsida,2,2021-2022,45.020482,-93.237722
Crocus neapolitanus,,Plantae,Liliopsida,1,2026-2026,45.01607,-93.232421
Hemerocallis fulva,,Plantae,Liliopsida,1,2025-2025,45.014991,-93.243224
Arisaema triphyllum,,Plantae,Liliopsida,1,2023-2023,45.021361,-93.243637
Maianthemum stellatum,,Plantae,Liliopsida,1,2021-2021,45.022594,-93.242603
Ageratina altissima,,Plantae,Magnoliopsida,10,2020-2026,45.020381,-93.241567
Asclepias syriaca,,Plantae,Magnoliopsida,8,2024-2026,45.020636,-93.24255
Campanula rapunculoides,,Plantae,Magnoliopsida,7,2020-2026,45.019811,-93.238119
Erigeron canadensis,,Plantae,Magnoliopsida,5,2024-2026,45.020724,-93.240382
Glechoma hederacea,,Plantae,Magnoliopsida,5,2020-2026,45.020822,-93.23895
Vitis riparia,,Plantae,Magnoliopsida,5,2019-2026,45.018397,-93.237519
Ambrosia artemisiifolia,,Plantae,Magnoliopsida,5,2014-2026,45.018578,-93.235713
Sicyos angulatus,,Plantae,Magnoliopsida,5,2019-2026,45.021438,-93.243849
Rhamnus cathartica,,Plantae,Magnoliopsida,5,2020-2025,45.021996,-93.242521
Celtis occidentalis,,Plantae,Magnoliopsida,5,2019-2023,45.018353,-93.235699
Leonurus cardiaca,,Plantae,Magnoliopsida,4,2022-2026,45.022272,-93.240096
Verbena bracteata,,Plantae,Magnoliopsida,4,2020-2026,45.021203,-93.237755
Persicaria maculosa,,Plantae,Magnoliopsida,4,2020-2025,45.017521,-93.235948
Verbascum thapsus,,Plantae,Magnoliopsida,3,2025-2026,45.018938,-93.240578
Coronilla varia,,Plantae,Magnoliopsida,3,2025-2026,45.015104,-93.236521
Berteroa incana,,Plantae,Magnoliopsida,3,2025-2026,45.020342,-93.242019
Morus alba,,Plantae,Magnoliopsida,3,2022-2026,45.021516,-93.239519
Cirsium vulgare,,Plantae,Magnoliopsida,3,2024-2025,45.019937,-93.242984
Dianthus barbatus,,Plantae,Magnoliopsida,3,2017-2017,45.017887,-93.234319
Pachysandra terminalis,,Plantae,Magnoliopsida,2,2022-2026,45.020368,-93.237829
Sanguinaria canadensis,,Plantae,Magnoliopsida,2,2021-2026,45.021158,-93.240404
Lysimachia punctata,,Plantae,Magnoliopsida,2,2026-2026,45.019661,-93.239172
Melilotus albus,,Plantae,Magnoliopsida,2,2023-2026,45.018266,-93.238812
Fraxinus pennsylvanica,,Plantae,Magnoliopsida,2,2023-2026,45.017934,-93.242808
Phlox paniculata,,Plantae,Magnoliopsida,2,2025-2026,45.022314,-93.238307
Silene latifolia,,Plantae,Magnoliopsida,2,2025-2026,45.020868,-93.242846
Saponaria officinalis,,Plantae,Magnoliopsida,2,2020-2026,45.01868,-93.242193
Melissa officinalis,,Plantae,Magnoliopsida,2,2020-2026,45.021421,-93.243803
Hydrophyllum virginianum,,Plantae,Magnoliopsida,2,2022-2025,45.02392,-93.243413
Geranium maculatum,,Plantae,Magnoliopsida,2,2022-2025,45.023947,-93.243489
Acer negundo,,Plantae,Magnoliopsida,2,2025-2025,45.023005,-93.244331
Solanum emulans,,Plantae,Magnoliopsida,2,2022-2025,45.021396,-93.244084
Parthenocissus quinquefolia,,Plantae,Magnoliopsida,2,2023-2025,45.021372,-93.244022
Gaillardia pulchella,,Plantae,Magnoliopsida,2,2023-2025,45.020879,-93.238249
Asclepias tuberosa,,Plantae,Magnoliopsida,2,2022-2025,45.020603,-93.242324
Solidago canadensis,,Plantae,Magnoliopsida,2,2022-2024,45.021417,-93.244034
Aquilegia canadensis,,Plantae,Magnoliopsida,2,2021-2022,45.017376,-93.240082
Lamium galeobdolon,,Plantae,Magnoliopsida,2,2021-2022,45.022784,-93.24409
Achillea millefolium,,Plantae,Magnoliopsida,2,2021-2022,45.018494,-93.230642
Ratibida columnifera,,Plantae,Magnoliopsida,2,2022-2022,45.020625,-93.234161
Portulaca oleracea,,Plantae,Magnoliopsida,2,2019-2021,45.020122,-93.243972
Nepeta cataria,,Plantae,Magnoliopsida,2,2019-2020,45.018231,-93.238654
Achillea ptarmica,,Plantae,Magnoliopsida,2,2017-2017,45.018039,-93.234192
Mertensia virginica,,Plantae,Magnoliopsida,1,2026-2026,45.023822,-93.243498
Ulmus americana,,Plantae,Magnoliopsida,1,2026-2026,45.021392,-93.243783
Lonicera sempervirens,,Plantae,Magnoliopsida,1,2026-2026,45.022356,-93.237767
Mirabilis nyctaginea,,Plantae,Magnoliopsida,1,2026-2026,45.015489,-93.241587
Parietaria pensylvanica,,Plantae,Magnoliopsida,1,2026-2026,45.013339,-93.23358
Euphorbia cyparissias,,Plantae,Magnoliopsida,1,2026-2026,45.018306,-93.240792
Convolvulus arvensis,,Plantae,Magnoliopsida,1,2026-2026,45.018709,-93.238329
Lotus corniculatus,,Plantae,Magnoliopsida,1,2026-2026,45.018996,-93.237239
Erechtites hieraciifolius,,Plantae,Magnoliopsida,1,2026-2026,45.02147,-93.243675
Solanum dulcamara,,Plantae,Magnoliopsida,1,2026-2026,45.02145,-93.244033
Silphium perfoliatum,,Plantae,Magnoliopsida,1,2026-2026,45.013864,-93.234732
Physocarpus opulifolius,,Plantae,Magnoliopsida,1,2026-2026,45.021128,-93.239765
Catalpa speciosa,,Plantae,Magnoliopsida,1,2026-2026,45.016887,-93.233478
Nabalus albus,,Plantae,Magnoliopsida,1,2026-2026,45.021478,-93.243713
Sorbus aucuparia,,Plantae,Magnoliopsida,1,2026-2026,45.01817,-93.238543
Geum triflorum,,Plantae,Magnoliopsida,1,2025-2025,45.021736,-93.243562
Zizia aurea,,Plantae,Magnoliopsida,1,2025-2025,45.024972,-93.244622
Acalypha rhomboidea,,Plantae,Magnoliopsida,1,2025-2025,45.021442,-93.244042
Amelanchier arborea,,Plantae,Magnoliopsida,1,2025-2025,45.014422,-93.247162
Parthenocissus inserta,,Plantae,Magnoliopsida,1,2025-2025,45.021408,-93.244072
Hackelia virginiana,,Plantae,Magnoliopsida,1,2025-2025,45.02137,-93.243697
Oxalis dillenii,,Plantae,Magnoliopsida,1,2025-2025,45.021408,-93.2472
Acer saccharinum,,Plantae,Magnoliopsida,1,2025-2025,45.017004,-93.240754
Impatiens balsamina,,Plantae,Magnoliopsida,1,2025-2025,45.017022,-93.240794
Borago officinalis,,Plantae,Magnoliopsida,1,2025-2025,45.023639,-93.241045
Linaria vulgaris,,Plantae,Magnoliopsida,1,2025-2025,45.02112,-93.239617
Sambucus canadensis,,Plantae,Magnoliopsida,1,2025-2025,45.017573,-93.240302
Agastache foeniculum,,Plantae,Magnoliopsida,1,2025-2025,45.022766,-93.240851
Tanacetum vulgare,,Plantae,Magnoliopsida,1,2025-2025,45.015963,-93.232345
Eryngium yuccifolium,,Plantae,Magnoliopsida,1,2025-2025,45.018716,-93.232167
Cosmos bipinnatus,,Plantae,Magnoliopsida,1,2025-2025,45.021666,-93.23647
Solidago flexicaulis,,Plantae,Magnoliopsida,1,2025-2025,45.016402,-93.235999
Arctium minus,,Plantae,Magnoliopsida,1,2025-2025,45.019845,-93.240629
Tragopogon dubius,,Plantae,Magnoliopsida,1,2024-2024,45.018812,-93.243533
Rudbeckia hirta,,Plantae,Magnoliopsida,1,2024-2024,45.02102,-93.24363
Verbena hastata,,Plantae,Magnoliopsida,1,2024-2024,45.014783,-93.246806
Urtica gracilis,,Plantae,Magnoliopsida,1,2023-2023,45.016371,-93.229847
Silene dichotoma,,Plantae,Magnoliopsida,1,2023-2023,45.023056,-93.237562
Heterotheca camporum,,Plantae,Magnoliopsida,1,2023-2023,45.01954,-93.242824
Populus tremuloides,,Plantae,Magnoliopsida,1,2023-2023,45.01622,-93.232464
Populus grandidentata,,Plantae,Magnoliopsida,1,2023-2023,45.016187,-93.232441
Trifolium hybridum,,Plantae,Magnoliopsida,1,2022-2022,45.021516,-93.243692
Ranunculus abortivus,,Plantae,Magnoliopsida,1,2022-2022,45.021653,-93.243553
Viola eriocarpa,,Plantae,Magnoliopsida,1,2022-2022,45.023942,-93.243605
Prunus virginiana,,Plantae,Magnoliopsida,1,2022-2022,45.023864,-93.243042
Sorbaria sorbifolia,,Plantae,Magnoliopsida,1,2022-2022,45.018647,-93.233009
Thlaspi arvense,,Plantae,Magnoliopsida,1,2022-2022,45.023228,-93.243622
Aegopodium podagraria,,Plantae,Magnoliopsida,1,2022-2022,45.021397,-93.243758
Ajuga reptans,,Plantae,Magnoliopsida,1,2022-2022,45.016218,-93.232354
Juglans nigra,,Plantae,Magnoliopsida,1,2022-2022,45.021478,-93.243667
Artemisia ludoviciana,,Plantae,Magnoliopsida,1,2022-2022,45.024158,-93.244716
Blephilia hirsuta,,Plantae,Magnoliopsida,1,2022-2022,45.021389,-93.243705
Ostrya virginiana,,Plantae,Magnoliopsida,1,2022-2022,45.016215,-93.232615
Campsis radicans,,Plantae,Magnoliopsida,1,2022-2022,45.019607,-93.236824
Verbena stricta,,Plantae,Magnoliopsida,1,2022-2022,45.015689,-93.241305
Chelone glabra,,Plantae,Magnoliopsida,1,2022-2022,45.015808,-93.229576
Viola pubescens,,Plantae,Magnoliopsida,1,2021-2021,45.022481,-93.242472
Podophyllum peltatum,,Plantae,Magnoliopsida,1,2021-2021,45.02077,-93.244775
Chamaecrista fasciculata,,Plantae,Magnoliopsida,1,2021-2021,45.015614,-93.229004
Amaranthus caudatus,,Plantae,Magnoliopsida,1,2021-2021,45.0132,-93.24491
Monarda fistulosa,,Plantae,Magnoliopsida,1,2020-2020,45.02486,-93.244851
Echinacea purpurea,,Plantae,Magnoliopsida,1,2020-2020,45.020605,-93.234006
Impatiens capensis,,Plantae,Magnoliopsida,1,2020-2020,45.019167,-93.233344
Trifolium pratense,,Plantae,Magnoliopsida,1,2020-2020,45.015444,-93.228689
Eutrochium purpureum,,Plantae,Magnoliopsida,1,2020-2020,45.015639,-93.229476
Cichorium intybus,,Plantae,Magnoliopsida,1,2020-2020,45.015444,-93.228689
Parthenocissus tricuspidata,,Plantae,Magnoliopsida,1,2020-2020,45.015718,-93.228737
Berberis thunbergii,,Plantae,Magnoliopsida,1,2020-2020,45.01495,-93.23465
Philadelphus coronarius,,Plantae,Magnoliopsida,1,2019-2019,45.020761,-93.239423
Heliopsis helianthoides,,Plantae,Magnoliopsida,1,2019-2019,45.014256,-93.24388
Euphorbia corollata,,Plantae,Magnoliopsida,1,2019-2019,45.016017,-93.23008
Lithospermum canescens,,Plantae,Magnoliopsida,1,2019-2019,45.016097,-93.229861
Larix laricina,,Plantae,Pinopsida,1,2026-2026,45.015111,-93.23533
Juniperus horizontalis,,Plantae,Pinopsida,1,2026-2026,45.015712,-93.228545
Juniperus virginiana,,Plantae,Pinopsida,1,2026-2026,45.016109,-93.232292
Fuligo septica,,Protozoa,Myxomycetes,1,2024-2024,45.016964,-93.244842
