country,year,species,cases
AGO,2020,Pf,7343696.0
LBR,2019,Pf,915845.0
MYS,2016,Pf,67.0
MDG,2024,Pf,3886959.0
MLI,2023,Pf,3360557.0
GHA,2019,Pf,6075297.0
GMB,2024,Pf,111293.0
BLZ,2019,Pf,0.0
NGA,2021,Pf,21325186.0
PAK,2023,Pf,881339.0
GTM,2023,Pf,0.0
TJK,2024,Pf,0.0
HND,2016,Pf,1310.0
IRN,2022,Pf,197.0
NGA,2018,Pf,14548024.0
HTI,2016,Pf,21430.0
DOM,2024,Pf,1203.0
DJI,2022,Pf,30346.0
KHM,2021,Pf,342.0
SWZ,2022,Pf,214.0
GAB,2022,Pf,45783.0
BLZ,2018,Pf,1.0
IND,2020,Pf,117567.0
GAB,2023,Pf,55986.0
CIV,2016,Pf,3754504.0
TGO,2021,Pf,1844659.0
NPL,2022,Pf,3.0
SLE,2015,Pf,1483376.0
PAK,2021,Pf,94543.0
TGO,2023,Pf,2366541.0
MYT,2016,Pf,12.0
AZE,2019,Pf,0.0
BTN,2018,Pf,1.0
TGO,2022,Pf,2222943.0
GUF,2018,Pf,49.0
MLI,2019,Pf,3165483.0
VUT,2016,Pf,186.0
PAK,2024,Pf,539553.0
NPL,2020,Pf,5.0
PRY,2015,Pf,0.0
IND,2015,Pf,774627.0
PNG,2020,Pf,189397.0
ZMB,2015,Pf,4184661.0
GUF,2024,Pf,0.0
BLZ,2023,Pf,0.0
BEN,2023,Pf,1882757.0
KEN,2015,Pf,1499027.0
STP,2016,Pf,2238.0
TGO,2015,Pf,1610568.0
ARG,2016,Pf,0.0
TJK,2015,Pf,0.0
BGD,2022,Pf,11980.0
NER,2019,Pf,3748155.0
LKA,2024,Pf,0.0
CIV,2015,Pf,3375904.0
GUF,2020,Pf,3.0
DJI,2015,Pf,9473.0
GUY,2016,Pf,3576.0
ZAF,2023,Pf,5291.0
CHN,2020,Pf,0.0
MYS,2024,Pf,0.0
ETH,2019,Pf,738155.0
ZWE,2017,Pf,471030.0
GMB,2018,Pf,87448.0
CMR,2021,Pf,3335174.0
SWZ,2019,Pf,252.0
RWA,2022,Pf,857228.0
GIN,2018,Pf,1214996.0
GIN,2020,Pf,2008976.0
MDG,2017,Pf,187415.0
COG,2015,Pf,51529.0
GMB,2016,Pf,153685.0
HTI,2019,Pf,10687.0
LBR,2017,Pf,1093115.0
TLS,2015,Pf,33.0
SLE,2023,Pf,2090143.0
TCD,2018,Pf,1364706.0
KAZ,2017,Pf,0.0
MLI,2020,Pf,2666266.0
BEN,2017,Pf,1933912.0
VUT,2024,Pf,0.0
PAN,2023,Pf,10.0
CPV,2016,Pf,49.0
YEM,2015,Pf,75898.0
KEN,2023,Pf,5619026.0
NPL,2019,Pf,9.0
BTN,2021,Pf,1.0
ZMB,2022,Pf,8126829.0
VNM,2015,Pf,4327.0
COG,2016,Pf,171847.0
SOM,2023,Pf,13437.0
TZA,2023,Pf,3754824.0
BDI,2018,Pf,4966511.0
PAN,2020,Pf,9.0
GNQ,2017,Pf,15725.0
IRN,2021,Pf,0.0
CMR,2022,Pf,3327381.0
BFA,2018,Pf,10278970.0
NIC,2022,Pf,4935.0
KHM,2024,Pf,2.0
TKM,2018,Pf,0.0
ECU,2018,Pf,149.0
MOZ,2023,Pf,12870205.0
IRN,2023,Pf,805.0
COL,2016,Pf,47232.0
PRK,2019,Pf,0.0
KGZ,2016,Pf,0.0
BEN,2021,Pf,2634063.0
ZMB,2016,Pf,4851319.0
MOZ,2024,Pf,11614258.0
AZE,2016,Pf,0.0
RWA,2021,Pf,1163670.0
PRY,2022,Pf,0.0
BRA,2021,Pf,21612.0
ERI,2017,Pf,21849.0
AGO,2024,Pf,10638498.0
SLV,2018,Pf,0.0
TJK,2019,Pf,0.0
SEN,2018,Pf,530652.0
TGO,2019,Pf,2402967.0
PER,2018,Pf,9438.0
LBR,2016,Pf,1191137.0
NER,2020,Pf,4154337.0
GNQ,2024,Pf,57499.0
RWA,2017,Pf,5940533.0
LBR,2022,Pf,696684.0
GTM,2020,Pf,0.0
SUR,2023,Pf,0.0
IRN,2024,Pf,537.0
MWI,2020,Pf,7078271.0
IDN,2024,Pf,275503.0
GUF,2015,Pf,61.0
BOL,2023,Pf,917.0
TJK,2016,Pf,0.0
TCD,2021,Pf,1418539.0
DJI,2017,Pf,9290.0
ERI,2015,Pf,14510.0
NAM,2022,Pf,10301.0
TLS,2023,Pf,0.0
CHN,2015,Pf,1.0
BOL,2015,Pf,77.0
COG,2023,Pf,517937.0
ARG,2017,Pf,0.0
KHM,2019,Pf,4833.0
PRY,2016,Pf,0.0
BFA,2017,Pf,10557260.0
SLE,2020,Pf,725006.0
BWA,2018,Pf,534.0
MOZ,2017,Pf,8921081.0
STP,2023,Pf,2258.0
LKA,2023,Pf,0.0
SOM,2021,Pf,10919.0
SLB,2019,Pf,15595.0
ECU,2020,Pf,214.0
BRA,2020,Pf,21437.0
BTN,2023,Pf,0.0
TLS,2024,Pf,0.0
TUR,2016,Pf,0.0
SLE,2017,Pf,1651236.0
SDN,2019,Pf,1363507.0
BDI,2023,Pf,5580188.0
SLB,2023,Pf,33392.0
KGZ,2024,Pf,0.0
VUT,2022,Pf,0.0
VEN,2015,Pf,24018.0
COG,2024,Pf,611821.0
BRA,2017,Pf,18614.0
IND,2018,Pf,204733.0
ETH,2020,Pf,1340869.0
LAO,2017,Pf,4169.0
TUR,2018,Pf,0.0
VEN,2019,Pf,64307.0
UGA,2020,Pf,16329136.0
CHN,2019,Pf,0.0
TGO,2020,Pf,1737469.0
VNM,2016,Pf,2323.0
IDN,2017,Pf,143926.0
TJK,2020,Pf,0.0
NPL,2016,Pf,61.0
PNG,2023,Pf,265571.0
TKM,2020,Pf,0.0
SUR,2024,Pf,0.0
ZWE,2022,Pf,141076.0
BOL,2020,Pf,66.0
IRN,2019,Pf,0.0
AGO,2017,Pf,3874892.0
KOR,2017,Pf,0.0
RWA,2019,Pf,3612822.0
SLV,2017,Pf,0.0
THA,2022,Pf,167.0
DZA,2021,Pf,0.0
STP,2015,Pf,2055.0
BGD,2020,Pf,4744.0
AGO,2022,Pf,7858860.0
DOM,2022,Pf,320.0
SEN,2023,Pf,310385.0
TJK,2022,Pf,0.0
GNB,2022,Pf,185156.0
ARM,2023,Pf,0.0
MOZ,2019,Pf,11734926.0
KHM,2020,Pf,1073.0
LAO,2024,Pf,39.0
KEN,2016,Pf,2783846.0
LKA,2016,Pf,0.0
SLB,2016,Pf,16607.0
TLS,2019,Pf,0.0
GEO,2019,Pf,0.0
ZMB,2019,Pf,5147350.0
SDN,2024,Pf,402193.0
MOZ,2022,Pf,12387459.0
ECU,2019,Pf,211.0
BOL,2022,Pf,466.0
MWI,2018,Pf,5865476.0
PER,2022,Pf,4171.0
TGO,2024,Pf,2182187.0
ZAF,2022,Pf,2043.0
KEN,2021,Pf,4270769.0
SDN,2021,Pf,1182363.0
UZB,2015,Pf,0.0
BTN,2020,Pf,0.0
ECU,2015,Pf,209.0
ETH,2018,Pf,859675.0
COL,2021,Pf,36169.0
KOR,2016,Pf,0.0
CIV,2018,Pf,4766477.0
SLE,2021,Pf,1953902.0
BTN,2016,Pf,1.0
LKA,2017,Pf,0.0
YEM,2020,Pf,162318.0
MWI,2016,Pf,4827373.0
GNB,2024,Pf,98392.0
GHA,2022,Pf,5216479.0
YEM,2024,Pf,201966.0
MDG,2015,Pf,938490.0
TKM,2017,Pf,0.0
ARG,2018,Pf,0.0
HTI,2018,Pf,8828.0
BLZ,2021,Pf,0.0
TZA,2015,Pf,4900103.0
SAU,2020,Pf,83.0
DOM,2017,Pf,341.0
GTM,2024,Pf,0.0
IND,2022,Pf,98306.0
LAO,2019,Pf,2168.0
HND,2017,Pf,128.0
DJI,2023,Pf,29728.0
CMR,2023,Pf,2977754.0
SUR,2015,Pf,17.0
TZA,2022,Pf,3654393.0
TKM,2015,Pf,0.0
SWZ,2023,Pf,597.0
PAK,2022,Pf,584943.0
GUF,2021,Pf,1.0
IDN,2016,Pf,118844.0
NPL,2018,Pf,5.0
GUY,2019,Pf,5676.0
VNM,2018,Pf,2966.0
SWZ,2016,Pf,250.0
IND,2023,Pf,134629.0
KAZ,2016,Pf,0.0
CAF,2023,Pf,1841126.0
BRA,2015,Pf,14762.0
VNM,2021,Pf,142.0
PAN,2018,Pf,0.0
LKA,2019,Pf,0.0
PHL,2021,Pf,3347.0
IRN,2018,Pf,0.0
AGO,2021,Pf,8325921.0
GEO,2018,Pf,0.0
ECU,2022,Pf,198.0
MDG,2016,Pf,686024.0
KOR,2024,Pf,0.0
PER,2024,Pf,6136.0
ZWE,2021,Pf,133137.0
CMR,2015,Pf,1193281.0
SEN,2017,Pf,395706.0
COM,2024,Pf,54413.0
IND,2019,Pf,154645.0
DZA,2023,Pf,0.0
LAO,2023,Pf,85.0
KGZ,2015,Pf,0.0
PRY,2020,Pf,0.0
GIN,2015,Pf,810979.0
THA,2017,Pf,846.0
CPV,2020,Pf,0.0
KGZ,2018,Pf,0.0
GUY,2022,Pf,6850.0
SAU,2018,Pf,57.0
SEN,2021,Pf,536850.0
SSD,2022,Pf,2382940.0
DOM,2023,Pf,253.0
VEN,2022,Pf,20114.0
NAM,2019,Pf,2340.0
HND,2021,Pf,653.0
LBR,2024,Pf,987728.0
HTI,2023,Pf,14436.0
DZA,2020,Pf,0.0
MYS,2018,Pf,0.0
HND,2015,Pf,902.0
PRY,2017,Pf,0.0
COD,2015,Pf,12538805.0
DOM,2016,Pf,690.0
GUF,2017,Pf,62.0
AFG,2023,Pf,7946.0
MWI,2017,Pf,4947443.0
SSD,2024,Pf,3547305.0
CMR,2020,Pf,2890193.0
SEN,2020,Pf,445313.0
CRI,2020,Pf,2.0
LBR,2023,Pf,814113.0
DOM,2021,Pf,284.0
SLB,2022,Pf,27221.0
ZMB,2017,Pf,5505639.0
BFA,2022,Pf,11415559.0
CRI,2015,Pf,0.0
CRI,2023,Pf,501.0
CIV,2019,Pf,5935178.0
VUT,2018,Pf,42.0
SDN,2016,Pf,333009.0
STP,2017,Pf,2239.0
GAB,2024,Pf,70154.0
NGA,2024,Pf,22208760.0
PHL,2018,Pf,1310.0
SSD,2018,Pf,3242.0
GTM,2016,Pf,4.0
SUR,2018,Pf,5.0
MWI,2024,Pf,9425147.0
GAB,2019,Pf,52811.0
GIN,2021,Pf,2422374.0
AGO,2023,Pf,9098004.0
LAO,2016,Pf,5737.0
MYT,2020,Pf,2.0
PRK,2021,Pf,0.0
SEN,2022,Pf,445992.0
CPV,2024,Pf,19.0
TZA,2017,Pf,5741596.0
KOR,2018,Pf,0.0
BOL,2021,Pf,165.0
BGD,2016,Pf,17269.0
SUR,2019,Pf,0.0
KEN,2024,Pf,5188371.0
PNG,2017,Pf,163160.0
AFG,2015,Pf,4004.0
AGO,2016,Pf,3794253.0
MMR,2016,Pf,62917.0
CAF,2018,Pf,972119.0
GNQ,2016,Pf,147714.0
MMR,2017,Pf,50730.0
UZB,2024,Pf,0.0
SLV,2022,Pf,0.0
NER,2022,Pf,5166412.0
BOL,2016,Pf,4.0
AZE,2015,Pf,0.0
DJI,2020,Pf,46537.0
MWI,2021,Pf,6829223.0
GUF,2023,Pf,7.0
MMR,2023,Pf,39173.0
VUT,2017,Pf,273.0
TZA,2019,Pf,6479812.0
SAU,2023,Pf,0.0
PER,2023,Pf,3481.0
GIN,2024,Pf,2760143.0
VEN,2018,Pf,71504.0
IDN,2022,Pf,152899.0
HTI,2020,Pf,22996.0
VNM,2023,Pf,60.0
HND,2019,Pf,11.0
ARG,2019,Pf,0.0
ZWE,2015,Pf,484614.0
AFG,2016,Pf,6369.0
MLI,2024,Pf,3789689.0
THA,2015,Pf,3301.0
HTI,2021,Pf,9513.0
BWA,2022,Pf,397.0
TGO,2017,Pf,1756331.0
ETH,2024,Pf,2811797.0
PRK,2022,Pf,0.0
LAO,2020,Pf,1573.0
GUY,2020,Pf,5544.0
TUR,2017,Pf,0.0
SEN,2015,Pf,492253.0
NAM,2020,Pf,12294.0
BFA,2024,Pf,10838579.0
TCD,2022,Pf,1671060.0
KAZ,2019,Pf,0.0
KGZ,2017,Pf,0.0
TLS,2020,Pf,2.0
GNQ,2019,Pf,25904.0
DZA,2017,Pf,0.0
LKA,2020,Pf,0.0
TGO,2016,Pf,1746101.0
VEN,2016,Pf,46503.0
DZA,2022,Pf,0.0
COM,2015,Pf,1300.0
TCD,2023,Pf,2159037.0
SWZ,2015,Pf,318.0
KEN,2019,Pf,5019389.0
VUT,2020,Pf,38.0
BGD,2024,Pf,6264.0
KEN,2018,Pf,1521566.0
SUR,2020,Pf,0.0
COD,2021,Pf,21345031.0
GNQ,2023,Pf,76921.0
GUF,2019,Pf,17.0
SEN,2016,Pf,349540.0
COL,2019,Pf,39891.0
COG,2019,Pf,117837.0
KOR,2021,Pf,0.0
COM,2021,Pf,10537.0
ARM,2024,Pf,0.0
PRK,2020,Pf,0.0
SSD,2021,Pf,1943519.0
GUY,2021,Pf,5982.0
UGA,2019,Pf,13982362.0
TLS,2018,Pf,0.0
MYS,2021,Pf,0.0
GNQ,2018,Pf,8962.0
KGZ,2019,Pf,0.0
RWA,2018,Pf,4231883.0
SLE,2019,Pf,2407505.0
SDN,2018,Pf,1286915.0
GAB,2018,Pf,111719.0
BTN,2024,Pf,0.0
MMR,2024,Pf,16417.0
SLB,2015,Pf,10478.0
IDN,2023,Pf,200519.0
KHM,2015,Pf,17830.0
BTN,2015,Pf,13.0
COL,2024,Pf,45533.0
DZA,2024,Pf,0.0
BWA,2024,Pf,208.0
KHM,2016,Pf,12156.0
PAK,2020,Pf,74899.0
ARG,2024,Pf,0.0
SLV,2023,Pf,0.0
GEO,2024,Pf,0.0
IDN,2019,Pf,142036.0
GTM,2015,Pf,43.0
GTM,2019,Pf,0.0
NGA,2023,Pf,24098323.0
AFG,2018,Pf,6437.0
COM,2020,Pf,4546.0
GEO,2020,Pf,0.0
UZB,2020,Pf,0.0
PAK,2016,Pf,43821.0
ECU,2023,Pf,30.0
CRI,2022,Pf,379.0
GHA,2015,Pf,4319919.0
UZB,2016,Pf,0.0
HTI,2022,Pf,13926.0
BRA,2023,Pf,21491.0
ECU,2016,Pf,403.0
SEN,2019,Pf,354663.0
CPV,2022,Pf,0.0
BGD,2019,Pf,14752.0
UGA,2017,Pf,11667831.0
HND,2023,Pf,546.0
NPL,2015,Pf,67.0
MOZ,2021,Pf,10095807.0
ZAF,2018,Pf,9562.0
CMR,2017,Pf,2244788.0
BLZ,2022,Pf,0.0
PAK,2017,Pf,54407.0
CIV,2023,Pf,8388526.0
SLV,2024,Pf,0.0
SLB,2017,Pf,15400.0
MMR,2019,Pf,23017.0
LKA,2018,Pf,0.0
BDI,2021,Pf,6615714.0
CAF,2016,Pf,1239317.0
PER,2016,Pf,15319.0
IRN,2015,Pf,8.0
KAZ,2018,Pf,0.0
VUT,2023,Pf,0.0
GIN,2017,Pf,1335323.0
SLB,2024,Pf,32239.0
BGD,2021,Pf,4992.0
NAM,2024,Pf,3134.0
CPV,2018,Pf,2.0
STP,2024,Pf,7087.0
STP,2020,Pf,1933.0
KAZ,2015,Pf,0.0
PNG,2019,Pf,181463.0
PRK,2015,Pf,0.0
ZWE,2024,Pf,56058.0
YEM,2021,Pf,173922.0
GEO,2017,Pf,0.0
SSD,2017,Pf,1488005.0
AZE,2022,Pf,0.0
ZMB,2021,Pf,6769142.0
DOM,2018,Pf,433.0
SLV,2019,Pf,0.0
NGA,2016,Pf,13598282.0
TCD,2016,Pf,1294768.0
CRI,2021,Pf,171.0
BFA,2020,Pf,10600340.0
LBR,2015,Pf,941711.0
BGD,2018,Pf,8470.0
IDN,2018,Pf,116035.0
NIC,2017,Pf,1836.0
GHA,2018,Pf,4808163.0
SDN,2020,Pf,1272738.0
NGA,2022,Pf,23050405.0
COM,2022,Pf,20675.0
RWA,2015,Pf,2505794.0
LBR,2021,Pf,912436.0
UZB,2019,Pf,0.0
DZA,2019,Pf,0.0
SWZ,2017,Pf,440.0
IRN,2017,Pf,2.0
CHN,2016,Pf,0.0
VEN,2017,Pf,69076.0
NAM,2015,Pf,9162.0
ARM,2016,Pf,0.0
AFG,2020,Pf,2691.0
MMR,2022,Pf,29519.0
MYT,2019,Pf,4.0
GMB,2021,Pf,73781.0
CHN,2017,Pf,0.0
TLS,2021,Pf,0.0
GNQ,2015,Pf,15142.0
GUY,2015,Pf,3219.0
PRK,2018,Pf,0.0
BFA,2023,Pf,10515380.0
COM,2023,Pf,21049.0
IND,2021,Pf,100442.0
NER,2024,Pf,6900115.0
DZA,2016,Pf,0.0
GIN,2023,Pf,2701976.0
BDI,2024,Pf,6159110.0
BEN,2022,Pf,2557084.0
NER,2017,Pf,2638580.0
BWA,2016,Pf,640.0
MWI,2019,Pf,5129919.0
BFA,2015,Pf,7015446.0
PRK,2017,Pf,0.0
PAN,2022,Pf,29.0
GTM,2017,Pf,0.0
MDG,2019,Pf,963712.0
BOL,2019,Pf,31.0
VUT,2015,Pf,150.0
PHL,2016,Pf,5282.0
ARM,2022,Pf,0.0
LAO,2022,Pf,473.0
UZB,2023,Pf,0.0
HTI,2017,Pf,19135.0
AZE,2017,Pf,0.0
IRN,2016,Pf,0.0
COL,2018,Pf,29953.0
NPL,2021,Pf,3.0
MMR,2020,Pf,15191.0
KOR,2022,Pf,0.0
TGO,2018,Pf,2002712.0
ARM,2019,Pf,0.0
SLE,2022,Pf,1768419.0
MYS,2022,Pf,0.0
SWZ,2020,Pf,233.0
CPV,2017,Pf,423.0
SWZ,2024,Pf,175.0
GIN,2019,Pf,2143225.0
UGA,2022,Pf,19185472.0
GNB,2023,Pf,118080.0
CAF,2019,Pf,2416960.0
SOM,2024,Pf,32553.0
KOR,2023,Pf,0.0
GNB,2018,Pf,171075.0
NAM,2017,Pf,54268.0
TUR,2019,Pf,0.0
LKA,2021,Pf,0.0
MMR,2021,Pf,14614.0
CRI,2024,Pf,232.0
BDI,2020,Pf,4720103.0
ETH,2023,Pf,2262976.0
HND,2020,Pf,223.0
GNB,2019,Pf,160907.0
SEN,2024,Pf,415635.0
BFA,2019,Pf,5877426.0
GIN,2016,Pf,992146.0
ERI,2020,Pf,66600.0
SUR,2021,Pf,0.0
ETH,2022,Pf,1323355.0
NPL,2024,Pf,5.0
TZA,2016,Pf,5760684.0
ZMB,2024,Pf,9260320.0
PHL,2017,Pf,3258.0
CHN,2018,Pf,0.0
YEM,2023,Pf,142433.0
MDG,2020,Pf,1948739.0
CPV,2021,Pf,0.0
BRA,2019,Pf,15137.0
PRK,2016,Pf,0.0
TCD,2020,Pf,1544194.0
SSD,2020,Pf,145954.0
CAF,2017,Pf,411913.0
BFA,2016,Pf,9779411.0
VEN,2020,Pf,33887.0
COD,2024,Pf,29825871.0
DZA,2015,Pf,0.0
TCD,2024,Pf,2556012.0
CIV,2020,Pf,4980640.0
SLE,2018,Pf,1733831.0
BRA,2024,Pf,24655.0
PNG,2021,Pf,181927.0
TZA,2018,Pf,6051844.0
GMB,2023,Pf,118293.0
BEN,2019,Pf,2895878.0
CIV,2024,Pf,8990029.0
PER,2015,Pf,12569.0
LKA,2015,Pf,0.0
BTN,2017,Pf,0.0
CAF,2015,Pf,598833.0
SLB,2020,Pf,14753.0
VNM,2017,Pf,2858.0
BLZ,2020,Pf,0.0
PHL,2024,Pf,6866.0
BEN,2015,Pf,1721626.0
TUR,2020,Pf,0.0
COG,2017,Pf,127939.0
BDI,2022,Pf,8117435.0
GHA,2020,Pf,5412537.0
IDN,2021,Pf,152724.0
PAK,2018,Pf,55639.0
KAZ,2024,Pf,0.0
GUY,2023,Pf,10203.0
MDG,2018,Pf,972790.0
AGO,2018,Pf,5150575.0
SSD,2016,Pf,7619.0
ZAF,2020,Pf,4463.0
COG,2018,Pf,116903.0
ZWE,2023,Pf,246154.0
GHA,2016,Pf,4421788.0
IRN,2020,Pf,0.0
GHA,2017,Pf,4266541.0
HTI,2024,Pf,38590.0
TZA,2020,Pf,6298259.0
TJK,2023,Pf,0.0
CPV,2015,Pf,7.0
ETH,2017,Pf,1059847.0
YEM,2016,Pf,45469.0
BGD,2023,Pf,8829.0
ARG,2015,Pf,0.0
VUT,2021,Pf,0.0
COD,2023,Pf,27657762.0
ERI,2022,Pf,56208.0
SLB,2018,Pf,15771.0
ERI,2019,Pf,75568.0
CIV,2022,Pf,8145591.0
MYS,2017,Pf,18.0
CMR,2024,Pf,2512816.0
SUR,2016,Pf,6.0
AZE,2020,Pf,0.0
BEN,2024,Pf,1739412.0
SOM,2017,Pf,2657.0
MYT,2024,Pf,0.0
SLV,2020,Pf,0.0
NIC,2015,Pf,338.0
VUT,2019,Pf,36.0
NIC,2021,Pf,10454.0
PRK,2023,Pf,0.0
NER,2023,Pf,4409695.0
COG,2020,Pf,91538.0
PAN,2021,Pf,10.0
NAM,2016,Pf,19510.0
ZAF,2015,Pf,4946.0
PNG,2024,Pf,314222.0
GEO,2016,Pf,0.0
PHL,2015,Pf,4769.0
BDI,2015,Pf,5428710.0
COD,2016,Pf,16821130.0
COM,2016,Pf,1066.0
CMR,2016,Pf,2476153.0
GNB,2017,Pf,152619.0
VEN,2023,Pf,21630.0
PNG,2022,Pf,254496.0
DOM,2015,Pf,631.0
STP,2021,Pf,2719.0
DOM,2019,Pf,1291.0
TLS,2016,Pf,46.0
NER,2016,Pf,3961178.0
COG,2021,Pf,189616.0
KHM,2023,Pf,34.0
MLI,2021,Pf,3204130.0
ZWE,2016,Pf,316631.0
TCD,2015,Pf,787046.0
PNG,2018,Pf,174818.0
SLE,2024,Pf,1911083.0
MWI,2015,Pf,3661238.0
TZA,2021,Pf,4618710.0
BEN,2018,Pf,1975812.0
BWA,2023,Pf,552.0
NPL,2017,Pf,25.0
ZMB,2023,Pf,8318534.0
KOR,2015,Pf,0.0
ARG,2022,Pf,0.0
SSD,2023,Pf,3428237.0
ZAF,2016,Pf,4323.0
MEX,2024,Pf,0.0
HND,2018,Pf,55.0
SAU,2024,Pf,0.0
COL,2015,Pf,27875.0
DJI,2024,Pf,25592.0
ERI,2024,Pf,136637.0
AZE,2024,Pf,0.0
NER,2015,Pf,2267867.0
GUF,2022,Pf,0.0
SWZ,2021,Pf,505.0
CHN,2024,Pf,0.0
BGD,2015,Pf,26453.0
STP,2019,Pf,2447.0
KOR,2020,Pf,0.0
KEN,2020,Pf,4069277.0
PRY,2018,Pf,0.0
COM,2019,Pf,17599.0
UGA,2015,Pf,7137662.0
LAO,2021,Pf,1339.0
SOM,2019,Pf,36766.0
BRA,2022,Pf,17988.0
KGZ,2020,Pf,0.0
NIC,2024,Pf,566.0
GNB,2016,Pf,156471.0
TLS,2017,Pf,4.0
SDN,2017,Pf,580145.0
NIC,2016,Pf,1285.0
NAM,2023,Pf,11794.0
ZWE,2019,Pf,308173.0
ERI,2016,Pf,20704.0
AFG,2021,Pf,3921.0
GHA,2024,Pf,5306946.0
COL,2023,Pf,37774.0
MOZ,2018,Pf,9292928.0
COM,2017,Pf,2274.0
PRY,2023,Pf,0.0
CAF,2022,Pf,2247250.0
ZMB,2020,Pf,8121215.0
MMR,2015,Pf,110449.0
MLI,2022,Pf,3771426.0
ZMB,2018,Pf,5039679.0
PRY,2021,Pf,0.0
DJI,2021,Pf,44385.0
TCD,2017,Pf,1962372.0
COD,2017,Pf,16793002.0
ARM,2017,Pf,0.0
CMR,2019,Pf,2819803.0
RWA,2020,Pf,2043392.0
STP,2022,Pf,3970.0
KHM,2017,Pf,20328.0
CMR,2018,Pf,2257633.0
GAB,2020,Pf,53659.0
CAF,2020,Pf,1740970.0
UGA,2018,Pf,5759174.0
CPV,2023,Pf,0.0
UGA,2023,Pf,15968780.0
GNB,2015,Pf,150085.0
NER,2021,Pf,4044707.0
IND,2024,Pf,146708.0
AFG,2024,Pf,9725.0
BDI,2016,Pf,8793176.0
BLZ,2024,Pf,0.0
VEN,2021,Pf,23428.0
MOZ,2020,Pf,11318685.0
HND,2024,Pf,165.0
BOL,2024,Pf,1447.0
ECU,2024,Pf,112.0
ZWE,2020,Pf,447381.0
KEN,2017,Pf,3215116.0
COD,2019,Pf,21934127.0
KAZ,2020,Pf,0.0
NIC,2023,Pf,1176.0
SOM,2022,Pf,10788.0
PNG,2015,Pf,118452.0
ECU,2017,Pf,309.0
UGA,2024,Pf,12728239.0
SSD,2019,Pf,1902505.0
GMB,2022,Pf,119104.0
TKM,2016,Pf,0.0
DJI,2019,Pf,36025.0
GAB,2016,Pf,23915.0
MYT,2023,Pf,0.0
SUR,2017,Pf,33.0
ECU,2021,Pf,445.0
YEM,2019,Pf,163941.0
CRI,2019,Pf,8.0
BEN,2020,Pf,2516646.0
PHL,2023,Pf,5040.0
TKM,2024,Pf,0.0
CHN,2022,Pf,0.0
YEM,2018,Pf,112823.0
LKA,2022,Pf,0.0
MYS,2023,Pf,0.0
ETH,2021,Pf,912075.0
BWA,2015,Pf,278.0
NAM,2018,Pf,30567.0
COL,2022,Pf,27776.0
ARM,2018,Pf,0.0
LAO,2018,Pf,4828.0
PHL,2019,Pf,5034.0
GMB,2017,Pf,69931.0
MOZ,2015,Pf,7718782.0
GMB,2019,Pf,53386.0
ZAF,2019,Pf,4821.0
PAN,2019,Pf,12.0
ZAF,2017,Pf,23381.0
SAU,2022,Pf,0.0
ETH,2016,Pf,1142235.0
PAN,2016,Pf,21.0
NGA,2017,Pf,13087878.0
GEO,2023,Pf,0.0
GUF,2016,Pf,55.0
THA,2021,Pf,53.0
NPL,2023,Pf,3.0
GAB,2021,Pf,64957.0
PRY,2019,Pf,0.0
MDG,2023,Pf,2843013.0
CRI,2018,Pf,9.0
BDI,2019,Pf,9959533.0
LAO,2015,Pf,14439.0
KOR,2019,Pf,0.0
MWI,2023,Pf,6426150.0
GHA,2023,Pf,5670615.0
SAU,2015,Pf,83.0
SLB,2021,Pf,22057.0
RWA,2024,Pf,215775.0
MYS,2019,Pf,0.0
HND,2022,Pf,1134.0
ARM,2020,Pf,0.0
NIC,2018,Pf,1319.0
NGA,2019,Pf,19806915.0
GUY,2024,Pf,5606.0
MOZ,2016,Pf,8520376.0
NAM,2021,Pf,12979.0
DOM,2020,Pf,826.0
BWA,2021,Pf,703.0
COL,2020,Pf,39879.0
AFG,2019,Pf,2701.0
SLV,2021,Pf,0.0
BGD,2017,Pf,23315.0
MDG,2022,Pf,1679547.0
ARG,2023,Pf,0.0
SAU,2017,Pf,172.0
MWI,2022,Pf,4196890.0
TJK,2021,Pf,0.0
MMR,2018,Pf,38483.0
VNM,2024,Pf,111.0
HTI,2015,Pf,17583.0
COL,2017,Pf,29558.0
SUR,2022,Pf,0.0
NGA,2015,Pf,8068583.0
CIV,2021,Pf,7295068.0
ZAF,2021,Pf,1598.0
IND,2016,Pf,706257.0
CAF,2024,Pf,2264207.0
PER,2017,Pf,13173.0
VNM,2019,Pf,3110.0
ZAF,2024,Pf,590.0
THA,2023,Pf,171.0
BWA,2020,Pf,884.0
GAB,2017,Pf,35244.0
PAK,2019,Pf,87169.0
SDN,2023,Pf,262698.0
ARM,2015,Pf,0.0
COM,2018,Pf,15613.0
UZB,2017,Pf,0.0
SSD,2015,Pf,24371.0
ARG,2021,Pf,0.0
YEM,2017,Pf,109849.0
UZB,2018,Pf,0.0
KEN,2022,Pf,4470791.0
YEM,2022,Pf,150404.0
BFA,2021,Pf,11791638.0
NER,2018,Pf,3046450.0
CIV,2017,Pf,4034781.0
ZWE,2018,Pf,266117.0
CAF,2021,Pf,2002149.0
COD,2022,Pf,27296419.0
VNM,2020,Pf,792.0
THA,2024,Pf,230.0
GUY,2018,Pf,6033.0
MDG,2021,Pf,2338900.0
PAK,2015,Pf,28311.0
UGA,2021,Pf,14336387.0
GHA,2021,Pf,5719704.0
IDN,2015,Pf,103315.0
KHM,2018,Pf,10525.0
SAU,2019,Pf,38.0
PER,2019,Pf,4716.0
RWA,2016,Pf,3380568.0
PRY,2024,Pf,0.0
SAU,2021,Pf,0.0
NIC,2019,Pf,2399.0
BTN,2019,Pf,0.0
STP,2018,Pf,2937.0
BDI,2017,Pf,8795952.0
COD,2018,Pf,16972207.0
DJI,2018,Pf,16130.0
THA,2020,Pf,155.0
GNQ,2022,Pf,71204.0
TUR,2015,Pf,0.0
SLE,2016,Pf,1775306.0
MYS,2015,Pf,110.0
ERI,2018,Pf,16553.0
SWZ,2018,Pf,686.0
NIC,2020,Pf,11250.0
PER,2020,Pf,3198.0
DJI,2016,Pf,11781.0
PER,2021,Pf,3584.0
UGA,2016,Pf,9385132.0
GIN,2022,Pf,2474774.0
GTM,2022,Pf,7.0
PAN,2024,Pf,4.0
VEN,2024,Pf,21191.0
SAU,2016,Pf,270.0
ARG,2020,Pf,0.0
GTM,2018,Pf,0.0
THA,2018,Pf,447.0
TZA,2024,Pf,3568821.0
AGO,2019,Pf,7054978.0
TKM,2019,Pf,0.0
TJK,2018,Pf,0.0
PHL,2022,Pf,2509.0
GTM,2021,Pf,0.0
BEN,2016,Pf,1610790.0
MYS,2020,Pf,0.0
THA,2019,Pf,391.0
ERI,2021,Pf,37696.0
AZE,2021,Pf,0.0
PNG,2016,Pf,183686.0
BTN,2022,Pf,0.0
SDN,2022,Pf,1091532.0
ETH,2015,Pf,1188627.0
CPV,2019,Pf,0.0
RWA,2023,Pf,549326.0
PHL,2020,Pf,5234.0
GUY,2017,Pf,5141.0
AGO,2015,Pf,2769305.0
GMB,2020,Pf,75801.0
IND,2017,Pf,525637.0
IDN,2020,Pf,141807.0
NGA,2020,Pf,18325240.0
COD,2020,Pf,22590647.0
AFG,2022,Pf,4462.0
ERI,2023,Pf,78840.0
GMB,2015,Pf,240382.0
BRA,2016,Pf,13160.0
AZE,2018,Pf,0.0
VNM,2022,Pf,234.0
BRA,2018,Pf,17861.0
PAN,2017,Pf,1.0
AFG,2017,Pf,6907.0
TJK,2017,Pf,0.0
KHM,2022,Pf,396.0
THA,2016,Pf,1774.0
TLS,2022,Pf,0.0
BWA,2019,Pf,169.0
COG,2022,Pf,364466.0
GEO,2015,Pf,0.0
BWA,2017,Pf,1831.0
TCD,2019,Pf,1632529.0
DZA,2018,Pf,0.0
BTN,2021,Pv,7.0
LKA,2024,Pv,0.0
GUF,2015,Pv,194.0
BOL,2021,Pv,9714.0
AZE,2020,Pv,0.0
MMR,2019,Pv,32788.0
TLS,2020,Pv,0.0
MMR,2016,Pv,43748.0
SAU,2018,Pv,4.0
GEO,2017,Pv,0.0
LKA,2020,Pv,0.0
PER,2018,Pv,36005.0
COL,2018,Pv,30063.0
TJK,2021,Pv,0.0
AZE,2021,Pv,0.0
KOR,2017,Pv,436.0
PAN,2023,Pv,9451.0
ARM,2018,Pv,0.0
NPL,2019,Pv,118.0
PHL,2023,Pv,916.0
ZAF,2015,Pv,5.0
PAK,2016,Pv,260477.0
PHL,2024,Pv,1801.0
DJI,2020,Pv,26998.0
SDN,2024,Pv,54954.0
ARG,2020,Pv,0.0
KGZ,2018,Pv,0.0
ECU,2023,Pv,574.0
KOR,2022,Pv,348.0
BOL,2022,Pv,9787.0
BTN,2016,Pv,13.0
SOM,2024,Pv,330.0
GTM,2017,Pv,4121.0
VEN,2017,Pv,316401.0
PAK,2023,Pv,1761637.0
BGD,2019,Pv,2126.0
KAZ,2019,Pv,0.0
IND,2022,Pv,75452.0
KGZ,2017,Pv,0.0
SLB,2015,Pv,12150.0
IRN,2017,Pv,55.0
SLV,2020,Pv,0.0
PAK,2020,Pv,293077.0
SLB,2018,Pv,35072.0
VUT,2022,Pv,1102.0
NIC,2024,Pv,4411.0
ECU,2018,Pv,1504.0
TKM,2024,Pv,0.0
BRA,2019,Pv,136947.0
LKA,2015,Pv,0.0
GUY,2019,Pv,11838.0
COL,2021,Pv,35992.0
SLB,2020,Pv,52039.0
SAU,2016,Pv,2.0
AFG,2021,Pv,82094.0
GEO,2019,Pv,0.0
THA,2022,Pv,6012.0
GUF,2019,Pv,193.0
BLZ,2024,Pv,0.0
PNG,2018,Pv,138006.0
DZA,2019,Pv,0.0
SLB,2021,Pv,57095.0
ECU,2016,Pv,788.0
PRY,2017,Pv,0.0
THA,2018,Pv,3575.0
ETH,2024,Pv,1507631.0
VNM,2017,Pv,1608.0
BTN,2023,Pv,0.0
MYS,2019,Pv,0.0
VUT,2024,Pv,1577.0
KHM,2015,Pv,13146.0
KOR,2021,Pv,274.0
BLZ,2020,Pv,0.0
IDN,2019,Pv,86742.0
PER,2020,Pv,12624.0
IDN,2017,Pv,95694.0
PAN,2020,Pv,1937.0
NPL,2016,Pv,433.0
THA,2017,Pv,4802.0
LAO,2023,Pv,591.0
HND,2015,Pv,2626.0
SAU,2022,Pv,0.0
LKA,2021,Pv,0.0
DJI,2023,Pv,8620.0
MYS,2015,Pv,84.0
PRY,2022,Pv,0.0
CPV,2021,Pv,0.0
BOL,2020,Pv,12106.0
TKM,2019,Pv,0.0
HND,2018,Pv,576.0
GTM,2019,Pv,2069.0
MYS,2016,Pv,178.0
PRK,2015,Pv,7022.0
KHM,2023,Pv,1307.0
BTN,2015,Pv,21.0
SUR,2015,Pv,61.0
SDN,2019,Pv,194904.0
BGD,2018,Pv,1672.0
KHM,2016,Pv,9816.0
PAN,2016,Pv,748.0
AZE,2015,Pv,0.0
ECU,2020,Pv,1715.0
YEM,2017,Pv,1833.0
PRY,2023,Pv,0.0
IDN,2022,Pv,101300.0
GUF,2021,Pv,72.0
SDN,2020,Pv,170202.0
TJK,2023,Pv,0.0
YEM,2016,Pv,347.0
CHN,2019,Pv,0.0
RWA,2024,Pv,416.0
PHL,2017,Pv,551.0
KGZ,2020,Pv,0.0
PER,2023,Pv,19074.0
SUR,2021,Pv,22.0
TUR,2019,Pv,0.0
CRI,2021,Pv,17.0
THA,2019,Pv,3443.0
DZA,2018,Pv,0.0
LKA,2022,Pv,0.0
ARM,2024,Pv,0.0
TLS,2018,Pv,0.0
ECU,2024,Pv,268.0
BTN,2017,Pv,11.0
CRI,2017,Pv,12.0
SOM,2017,Pv,825.0
HND,2022,Pv,2345.0
TJK,2024,Pv,0.0
BOL,2016,Pv,5535.0
SLV,2021,Pv,0.0
KAZ,2017,Pv,0.0
SLV,2024,Pv,0.0
ECU,2021,Pv,1728.0
TLS,2019,Pv,0.0
PNG,2021,Pv,172964.0
MYS,2021,Pv,0.0
PAK,2022,Pv,1178058.0
THA,2020,Pv,2892.0
NPL,2015,Pv,504.0
BLZ,2017,Pv,5.0
SLV,2015,Pv,5.0
SOM,2021,Pv,2048.0
DJI,2016,Pv,2041.0
THA,2023,Pv,8854.0
GTM,2015,Pv,5487.0
IRN,2019,Pv,0.0
GTM,2021,Pv,1273.0
BGD,2024,Pv,6042.0
AZE,2019,Pv,0.0
BRA,2023,Pv,115785.0
VUT,2020,Pv,469.0
PRY,2020,Pv,0.0
UZB,2020,Pv,0.0
GUY,2022,Pv,13067.0
SUR,2022,Pv,0.0
LKA,2016,Pv,0.0
PAK,2021,Pv,301169.0
ARG,2021,Pv,0.0
BRA,2022,Pv,108626.0
PNG,2015,Pv,62228.0
COL,2024,Pv,79350.0
PNG,2019,Pv,163237.0
IND,2020,Pv,67444.0
ERI,2019,Pv,15790.0
SLB,2016,Pv,33060.0
PNG,2024,Pv,206016.0
ERI,2021,Pv,5613.0
PAN,2019,Pv,1744.0
SUR,2019,Pv,104.0
TZA,2020,Pv,0.0
PER,2024,Pv,27756.0
PRY,2024,Pv,0.0
DJI,2024,Pv,12595.0
GUF,2024,Pv,176.0
DZA,2017,Pv,0.0
BGD,2015,Pv,4000.0
IRN,2020,Pv,0.0
BOL,2015,Pv,6785.0
BGD,2017,Pv,4442.0
PRK,2018,Pv,3698.0
IRN,2023,Pv,1666.0
MEX,2016,Pv,551.0
BTN,2019,Pv,2.0
VEN,2016,Pv,179554.0
ARM,2023,Pv,0.0
KOR,2015,Pv,627.0
KAZ,2015,Pv,0.0
HND,2019,Pv,319.0
KGZ,2019,Pv,0.0
VNM,2015,Pv,4756.0
AFG,2015,Pv,82891.0
IDN,2023,Pv,160325.0
SLB,2023,Pv,70635.0
MMR,2024,Pv,173018.0
PHL,2016,Pv,816.0
CHN,2016,Pv,1.0
VEN,2020,Pv,151783.0
ECU,2022,Pv,1150.0
NIC,2018,Pv,14553.0
GTM,2018,Pv,3018.0
DZA,2024,Pv,0.0
IND,2021,Pv,60187.0
HND,2020,Pv,576.0
NPL,2017,Pv,587.0
GEO,2024,Pv,0.0
IRN,2021,Pv,0.0
MMR,2017,Pv,32070.0
KOR,2019,Pv,485.0
GUF,2022,Pv,9.0
MDG,2017,Pv,5.0
KHM,2017,Pv,15207.0
COL,2017,Pv,22132.0
PHL,2020,Pv,736.0
LAO,2016,Pv,9441.0
KGZ,2016,Pv,0.0
ETH,2016,Pv,576269.0
HND,2024,Pv,2121.0
GUF,2017,Pv,368.0
SOM,2022,Pv,762.0
PER,2019,Pv,19605.0
VNM,2016,Pv,1750.0
KHM,2024,Pv,295.0
CPV,2023,Pv,0.0
TJK,2020,Pv,0.0
MMR,2015,Pv,65536.0
DJI,2017,Pv,5381.0
SLB,2022,Pv,59155.0
SAU,2024,Pv,0.0
MYT,2023,Pv,0.0
ARM,2016,Pv,0.0
NIC,2020,Pv,13421.0
NPL,2022,Pv,33.0
DZA,2023,Pv,0.0
IRN,2018,Pv,0.0
MEX,2020,Pv,356.0
GUF,2023,Pv,182.0
SUR,2023,Pv,0.0
TJK,2018,Pv,0.0
VEN,2021,Pv,143287.0
UZB,2016,Pv,0.0
ECU,2019,Pv,1592.0
KHM,2022,Pv,3577.0
DJI,2021,Pv,14531.0
BRA,2024,Pv,111495.0
KAZ,2016,Pv,0.0
CPV,2019,Pv,0.0
UZB,2017,Pv,0.0
GUY,2016,Pv,6081.0
TZA,2023,Pv,4.0
IDN,2016,Pv,81748.0
VNM,2023,Pv,195.0
TJK,2016,Pv,0.0
NIC,2019,Pv,10678.0
BLZ,2021,Pv,0.0
BLZ,2022,Pv,0.0
CHN,2024,Pv,0.0
TKM,2016,Pv,0.0
MMR,2022,Pv,127797.0
NPL,2021,Pv,29.0
IND,2024,Pv,95955.0
BTN,2020,Pv,22.0
BRA,2015,Pv,122746.0
UZB,2019,Pv,0.0
DZA,2020,Pv,0.0
PAK,2018,Pv,314572.0
IRN,2024,Pv,1469.0
HND,2023,Pv,2021.0
BOL,2024,Pv,14014.0
BRA,2021,Pv,115258.0
MMR,2018,Pv,36502.0
DZA,2015,Pv,0.0
ERI,2015,Pv,4780.0
MEX,2022,Pv,159.0
ETH,2022,Pv,388416.0
CRI,2020,Pv,88.0
ERI,2020,Pv,7119.0
IRN,2022,Pv,1218.0
GUY,2024,Pv,18791.0
HND,2021,Pv,875.0
SOM,2019,Pv,2921.0
CHN,2020,Pv,0.0
KAZ,2018,Pv,0.0
AZE,2017,Pv,0.0
AFG,2020,Pv,102316.0
COL,2023,Pv,66035.0
PNG,2017,Pv,113561.0
DZA,2016,Pv,0.0
CRI,2016,Pv,4.0
SDN,2018,Pv,143314.0
VEN,2015,Pv,100880.0
BGD,2022,Pv,5856.0
KGZ,2024,Pv,0.0
MYS,2017,Pv,59.0
ETH,2018,Pv,102412.0
NIC,2016,Pv,4965.0
PRY,2019,Pv,0.0
BOL,2019,Pv,9299.0
KAZ,2024,Pv,0.0
GUY,2015,Pv,6002.0
SLB,2017,Pv,30169.0
SUR,2024,Pv,0.0
BTN,2024,Pv,0.0
BLZ,2015,Pv,9.0
VUT,2023,Pv,2256.0
SUR,2018,Pv,12.0
ARM,2015,Pv,0.0
ETH,2017,Pv,470892.0
LAO,2022,Pv,1780.0
DZA,2022,Pv,0.0
SUR,2016,Pv,69.0
GEO,2020,Pv,0.0
ETH,2021,Pv,252589.0
MYS,2018,Pv,0.0
ETH,2015,Pv,678432.0
GUY,2021,Pv,13913.0
VEN,2022,Pv,99309.0
PAN,2017,Pv,648.0
PHL,2021,Pv,703.0
VNM,2021,Pv,233.0
MMR,2023,Pv,187345.0
TZA,2022,Pv,0.0
PHL,2015,Pv,755.0
TLS,2016,Pv,7.0
CPV,2022,Pv,0.0
IRN,2015,Pv,157.0
GEO,2018,Pv,0.0
KAZ,2020,Pv,0.0
SDN,2022,Pv,124730.0
DJI,2018,Pv,9189.0
LKA,2017,Pv,0.0
TLS,2021,Pv,0.0
GUF,2020,Pv,137.0
VUT,2019,Pv,531.0
SUR,2020,Pv,147.0
LAO,2018,Pv,4099.0
CRI,2019,Pv,87.0
ETH,2020,Pv,263877.0
GTM,2023,Pv,3046.0
KHM,2020,Pv,8722.0
MYS,2022,Pv,0.0
CHN,2017,Pv,0.0
ARG,2022,Pv,0.0
BOL,2017,Pv,4572.0
YEM,2021,Pv,4343.0
PAK,2017,Pv,300623.0
ARG,2016,Pv,0.0
MEX,2019,Pv,619.0
TZA,2019,Pv,12.0
TLS,2023,Pv,0.0
SAU,2017,Pv,5.0
CRI,2024,Pv,8.0
CPV,2020,Pv,0.0
PRK,2017,Pv,4603.0
VUT,2021,Pv,312.0
PER,2022,Pv,22514.0
IND,2016,Pv,375783.0
ARM,2020,Pv,0.0
KGZ,2015,Pv,0.0
BLZ,2023,Pv,0.0
PAN,2022,Pv,4714.0
AZE,2024,Pv,0.0
YEM,2023,Pv,3235.0
BTN,2018,Pv,5.0
BGD,2021,Pv,1953.0
ECU,2017,Pv,963.0
THA,2016,Pv,5765.0
PAK,2019,Pv,323355.0
ERI,2024,Pv,29608.0
GEO,2016,Pv,0.0
VNM,2022,Pv,163.0
LKA,2019,Pv,0.0
COL,2016,Pv,32635.0
IND,2019,Pv,181514.0
YEM,2022,Pv,4134.0
GUY,2017,Pv,7645.0
AZE,2016,Pv,0.0
GEO,2023,Pv,0.0
BRA,2016,Pv,110340.0
IND,2017,Pv,315028.0
SLB,2024,Pv,64133.0
TUR,2015,Pv,0.0
TUR,2016,Pv,0.0
MMR,2020,Pv,43578.0
GTM,2022,Pv,1824.0
SLB,2019,Pv,47164.0
THA,2015,Pv,4655.0
AFG,2019,Pv,170747.0
GUF,2016,Pv,99.0
TLS,2024,Pv,0.0
LKA,2018,Pv,0.0
ERI,2023,Pv,21649.0
SLV,2018,Pv,0.0
KHM,2019,Pv,26871.0
UZB,2015,Pv,0.0
TKM,2020,Pv,0.0
ERI,2017,Pv,9185.0
KOR,2020,Pv,356.0
GUF,2018,Pv,496.0
GEO,2015,Pv,0.0
SSD,2022,Pv,13907.0
PRY,2015,Pv,0.0
IND,2023,Pv,89619.0
AZE,2018,Pv,0.0
BOL,2023,Pv,9152.0
CRI,2015,Pv,0.0
DJI,2022,Pv,9858.0
VUT,2016,Pv,1682.0
UZB,2018,Pv,0.0
PRK,2024,Pv,5233.0
BLZ,2016,Pv,4.0
BRA,2017,Pv,169887.0
ETH,2023,Pv,904398.0
SDN,2017,Pv,58335.0
IND,2015,Pv,390440.0
BGD,2020,Pv,1245.0
BLZ,2018,Pv,2.0
SDN,2016,Pv,82175.0
LAO,2020,Pv,1879.0
MYS,2023,Pv,0.0
COL,2020,Pv,39687.0
PRK,2019,Pv,1869.0
VEN,2023,Pv,80917.0
SSD,2020,Pv,2205.0
PRY,2018,Pv,0.0
AZE,2022,Pv,0.0
LKA,2023,Pv,0.0
PNG,2023,Pv,209647.0
GTM,2024,Pv,2905.0
SDN,2021,Pv,175590.0
PRK,2023,Pv,3160.0
VNM,2024,Pv,51.0
NPL,2023,Pv,12.0
GUY,2020,Pv,10889.0
ARG,2017,Pv,0.0
IND,2018,Pv,222730.0
CPV,2024,Pv,0.0
ARM,2017,Pv,0.0
NIC,2021,Pv,12364.0
CHN,2018,Pv,0.0
COL,2022,Pv,44216.0
AFG,2023,Pv,171523.0
PAK,2015,Pv,167460.0
SDN,2023,Pv,39616.0
CRI,2023,Pv,34.0
PER,2021,Pv,14490.0
BOL,2018,Pv,5342.0
TJK,2019,Pv,0.0
COL,2019,Pv,38392.0
ETH,2019,Pv,166340.0
NAM,2019,Pv,6.0
IDN,2021,Pv,114301.0
CMR,2024,Pv,6851.0
PER,2016,Pv,41287.0
PNG,2016,Pv,95328.0
IDN,2018,Pv,84862.0
TJK,2015,Pv,0.0
VUT,2015,Pv,273.0
PNG,2020,Pv,186981.0
MEX,2018,Pv,813.0
SLV,2023,Pv,0.0
THA,2024,Pv,7577.0
KOR,2018,Pv,501.0
PNG,2022,Pv,211111.0
COL,2015,Pv,19002.0
TKM,2017,Pv,0.0
ERI,2018,Pv,6108.0
MEX,2023,Pv,44.0
ARG,2015,Pv,0.0
PHL,2018,Pv,116.0
PRK,2022,Pv,2136.0
ARM,2022,Pv,0.0
HND,2017,Pv,1145.0
MYS,2020,Pv,0.0
TUR,2020,Pv,0.0
THA,2021,Pv,2313.0
KHM,2021,Pv,4018.0
PRK,2021,Pv,2357.0
TJK,2022,Pv,0.0
TKM,2015,Pv,0.0
VEN,2019,Pv,308132.0
KOR,2024,Pv,632.0
MYS,2024,Pv,0.0
AFG,2016,Pv,132407.0
VNM,2020,Pv,573.0
VNM,2018,Pv,1751.0
VUT,2018,Pv,590.0
BWA,2017,Pv,4.0
AFG,2022,Pv,120785.0
HND,2016,Pv,2744.0
BTN,2022,Pv,0.0
IRN,2016,Pv,79.0
PAK,2024,Pv,1538641.0
TUR,2017,Pv,0.0
YEM,2019,Pv,1802.0
NIC,2017,Pv,9080.0
SLV,2019,Pv,0.0
UZB,2024,Pv,0.0
DJI,2019,Pv,13377.0
BGD,2016,Pv,3297.0
SAU,2021,Pv,0.0
ERI,2022,Pv,8506.0
PAN,2021,Pv,4115.0
AFG,2017,Pv,154468.0
ARG,2019,Pv,0.0
PRY,2021,Pv,0.0
SLV,2022,Pv,0.0
KHM,2018,Pv,30680.0
ARM,2019,Pv,0.0
NIC,2023,Pv,5540.0
AFG,2024,Pv,247100.0
TUR,2018,Pv,0.0
SOM,2023,Pv,161.0
KOR,2023,Pv,644.0
TJK,2017,Pv,0.0
TLS,2017,Pv,3.0
KOR,2016,Pv,602.0
ARG,2024,Pv,0.0
ECU,2015,Pv,418.0
MMR,2021,Pv,63909.0
NPL,2018,Pv,488.0
PAN,2024,Pv,10582.0
TLS,2015,Pv,24.0
PAN,2018,Pv,684.0
MEX,2015,Pv,517.0
ERI,2016,Pv,2999.0
NPL,2024,Pv,32.0
SLV,2016,Pv,12.0
GUY,2023,Pv,17187.0
PRK,2016,Pv,5033.0
ARG,2023,Pv,0.0
SUR,2017,Pv,99.0
PRK,2020,Pv,1819.0
MEX,2024,Pv,266.0
IDN,2020,Pv,83743.0
SSD,2021,Pv,43197.0
SLV,2017,Pv,0.0
TKM,2018,Pv,0.0
UZB,2023,Pv,0.0
BRA,2018,Pv,168552.0
PRY,2016,Pv,0.0
PAN,2015,Pv,546.0
NIC,2015,Pv,1937.0
IDN,2015,Pv,94267.0
NPL,2020,Pv,68.0
VEN,2024,Pv,59671.0
BGD,2023,Pv,7499.0
NIC,2022,Pv,10960.0
GUY,2018,Pv,9854.0
CHN,2022,Pv,0.0
AFG,2018,Pv,166583.0
TLS,2022,Pv,0.0
DZA,2021,Pv,0.0
GTM,2016,Pv,4996.0
BRA,2020,Pv,119911.0
YEM,2024,Pv,5662.0
CHN,2015,Pv,26.0
BLZ,2019,Pv,0.0
PHL,2019,Pv,537.0
ARG,2018,Pv,0.0
YEM,2015,Pv,334.0
MEX,2017,Pv,736.0
VNM,2019,Pv,1541.0
LAO,2024,Pv,277.0
LAO,2019,Pv,4444.0
LAO,2015,Pv,20815.0
PER,2017,Pv,42044.0
CRI,2018,Pv,61.0
VEN,2018,Pv,307622.0
MEX,2021,Pv,242.0
CRI,2022,Pv,27.0
YEM,2018,Pv,970.0
PHL,2022,Pv,523.0
GTM,2020,Pv,1058.0
PER,2015,Pv,49287.0
YEM,2020,Pv,1684.0
VUT,2017,Pv,798.0
SAU,2023,Pv,0.0
LAO,2021,Pv,2536.0
LAO,2017,Pv,4104.0
IDN,2024,Pv,187743.0
