objectID,hex,hue,objectBeginDate,culture,department,medium,objectName,imageUrl
29343,#2c2b22,54.0,-800,Villanovan or Etruscan,Arms and Armor,Copper alloy (bronze),Bit,https://images.metmuseum.org/CRDImages/aa/web-large/LC-42_50_494-001.jpg
29349,#2e2c23,49.1,-799,Villanovan,Arms and Armor,Copper alloy (bronze),Bit,https://images.metmuseum.org/CRDImages/aa/web-large/LC-42_50_500-005.jpg
29335,#464430,54.5,-675,European,Arms and Armor,Copper alloy (bronze),Bit,https://images.metmuseum.org/CRDImages/aa/web-large/LC-42_50_484-002.jpg
29180,#27362c,140.0,-200,possibly Roman or Celtic,Arms and Armor,Copper alloy (bronze),Spur,https://images.metmuseum.org/CRDImages/aa/web-large/LC-42_50_242-002.jpg
29357,#2c271c,41.3,-200,Thracian or Celtic,Arms and Armor,Copper alloy (bronze),Bit,https://images.metmuseum.org/CRDImages/aa/web-large/LC-42.50.513-002.jpg
29346,#2d2b23,48.0,-100,Thracian or Celtic,Arms and Armor,"Copper alloy (bronze), iron alloy",Bit,https://images.metmuseum.org/CRDImages/aa/web-large/LC-42_50_497-001-TIF_Original_300dpi.jpg
29177,#2c2b24,52.5,1,possibly Roman,Arms and Armor,Copper alloy,Button,https://images.metmuseum.org/CRDImages/aa/web-large/LC-42_50_233-001.jpg
29273,#322a24,25.7,101,Gallo-Roman,Arms and Armor,Copper alloy (bronze),Spur,https://images.metmuseum.org/CRDImages/aa/web-large/LC-42_50_382-002.jpg
29304,#e9e4d9,41.3,701,Germanic or Slavic,Arms and Armor,"Iron, silver",Stirrup,https://images.metmuseum.org/CRDImages/aa/web-large/LC-42_50_419-040.jpg
29282,#e7e1d4,41.1,901,West Slavic,Arms and Armor,Iron,Stirrup,https://images.metmuseum.org/CRDImages/aa/web-large/LC-42_50_393-001.jpg
29182,#35302d,22.5,950,German,Arms and Armor,Iron alloy,Spur,https://images.metmuseum.org/CRDImages/aa/web-large/LC-42_50_245-001.jpg
29186,#362e29,23.1,1201,German or Slavic,Arms and Armor,Iron alloy,Spur,https://images.metmuseum.org/CRDImages/aa/web-large/LC-42_50_250-001.jpg
29195,#322e2b,25.7,1201,German,Arms and Armor,Iron alloy,Spur,https://images.metmuseum.org/CRDImages/aa/web-large/LC-42_50_261-001.jpg
29204,#65605b,30.0,1401,Bohemian,Arms and Armor,Iron,Spur,https://images.metmuseum.org/CRDImages/aa/web-large/LC-42_50_271-002.jpg
29212,#a7a5a6,330.0,1401,German,Arms and Armor,Iron alloy,Rowel spur,https://images.metmuseum.org/CRDImages/aa/web-large/LC-42_50_282-002.jpg
29373,#31261f,23.3,1495,"German, Augsburg",Arms and Armor,"Steel, gold",Toe cap for a foot defense (Sabaton),https://images.metmuseum.org/CRDImages/aa/web-large/LC-42_102_3-001.jpg
29375,#2f251d,26.7,1495,"German, Augsburg",Arms and Armor,"Steel, gold",Toe cap for a foot defense (Sabaton),https://images.metmuseum.org/CRDImages/aa/web-large/LC-42_102_6-001.jpg
29207,#dadfe3,206.7,1500,German,Arms and Armor,Iron alloy,Spur,https://images.metmuseum.org/CRDImages/aa/web-large/LC-42_50_274-001.jpg
29112,#383015,46.3,1501,Italian,Arms and Armor,"Bronze, gold",Sword pommel,https://images.metmuseum.org/CRDImages/aa/web-large/sfsb42.50.154_001.jpg
29480,#3e270e,31.3,1501,Japanese,Arms and Armor,Gold,Pair of sword-grip ornaments (Menuki),https://images.metmuseum.org/CRDImages/aa/web-large/LC-38_55_59a_b-001.jpg
29122,#ab8742,39.4,1550,possibly German,Arms and Armor,"copper alloy, gold",Bit boss,https://images.metmuseum.org/CRDImages/aa/web-large/LC-42_50_165-001.jpg
29127,#302a1c,42.0,1550,Italian,Arms and Armor,"Copper alloy, gold, iron",Bit boss,https://images.metmuseum.org/CRDImages/aa/web-large/LC-42_50_171-001.jpg
29136,#554322,38.8,1550,"German, possibly Augsburg",Arms and Armor,"Copper alloy, gold",Bit boss,https://images.metmuseum.org/CRDImages/aa/web-large/LC-42_50_180-003.jpg
29258,#2f2620,24.0,1550,German,Arms and Armor,"Iron alloy, copper",Spur,https://images.metmuseum.org/CRDImages/aa/web-large/LC-42_50_350-002.jpg
29330,#ddd7cd,37.5,1550,German,Arms and Armor,"Iron alloy, tin",Bit,https://images.metmuseum.org/CRDImages/aa/web-large/LC-42_50_479-005.jpg
14107,#beb9b4,30.0,1600,German or Dutch,The American Wing,"Linen, woven",Napkin,https://images.metmuseum.org/CRDImages/ad/web-large/DP272177.jpg
29016,#e9e4d9,41.3,1600,South German,Arms and Armor,"Iron alloy, tin",Bit,https://images.metmuseum.org/CRDImages/aa/web-large/LC-42_50_26-025.jpg
29138,#504326,41.4,1600,probably Netherlandish,Arms and Armor,"Copper alloy, gold",Bit boss,https://images.metmuseum.org/CRDImages/aa/web-large/LC-42_50_182-002.jpg
29167,#29251d,40.0,1600,probably Netherlandish,Arms and Armor,Copper alloy,Bit boss,https://images.metmuseum.org/CRDImages/aa/web-large/LC-42_50_220-001.jpg
29169,#362a1a,34.3,1600,probably Netherlandish,Arms and Armor,Copper alloy,Bit boss,https://images.metmuseum.org/CRDImages/aa/web-large/LC-42_50_222-001.jpg
29263,#2b2520,27.3,1600,probably German,Arms and Armor,"Iron alloy, silver",Spurs,https://images.metmuseum.org/CRDImages/aa/web-large/LC-42_50_363_364-002.jpg
29336,#eae6dc,42.9,1600,"German, Saxony",Arms and Armor,"Iron alloy, tin",Bit,https://images.metmuseum.org/CRDImages/aa/web-large/LC-42_50_485-008.jpg
29354,#e8e2da,34.3,1601,German,Arms and Armor,Iron alloy,Bit,https://images.metmuseum.org/CRDImages/aa/web-large/LC-42_50_507-008.jpg
29494,#7f5c36,31.2,1601,Japanese,Arms and Armor,Gold,Pair of sword-grip ornaments (Menuki),https://images.metmuseum.org/CRDImages/aa/web-large/LC-38_55_73a_b-001.jpg
29522,#332b28,16.4,1601,Japanese,Arms and Armor,"Iron, copper",Sword guard (Tsuba),https://images.metmuseum.org/CRDImages/aa/web-large/38.25.20_001apr2014.jpg
29534,#342c22,33.3,1601,Japanese,Arms and Armor,"Copper-gold alloy (shakudō), gold, copper",Sword guard (Tsuba),https://images.metmuseum.org/CRDImages/aa/web-large/38.25.34_001apr2014.jpg
29535,#3b2f2c,12.0,1601,Japanese,Arms and Armor,"Iron, gold, silver, copper-gold alloy (shakudō), copper",Sword guard (Tsuba),https://images.metmuseum.org/CRDImages/aa/web-large/38.25.40_002apr2014.jpg
29238,#312821,26.2,1605,German,Arms and Armor,"Iron, gold",Spur,https://images.metmuseum.org/CRDImages/aa/web-large/LC-42_50_316-001.jpg
200,#461d11,13.6,1640,American,The American Wing,Ash,Armchair,https://images.metmuseum.org/CRDImages/ad/web-large/DT163.jpg
2579,#6f4c45,10.0,1640,American,The American Wing,White oak,Cradle,https://images.metmuseum.org/CRDImages/ad/web-large/HR10.125.672.X.jpg
600,#aaaaaa,0.0,1641,British,The American Wing,Tin-enameled earthenware,Sack bottle,https://images.metmuseum.org/CRDImages/ad/web-large/111781.jpg
29152,#2b251c,36.0,1645,French,Arms and Armor,Copper alloy,Bit boss,https://images.metmuseum.org/CRDImages/aa/web-large/LC-42_50_203-001.jpg
146,#2a130d,12.4,1650,American,The American Wing,Maple,Armchair,https://images.metmuseum.org/CRDImages/ad/web-large/85B_ACF105R8.jpg
151,#341910,15.0,1650,American,The American Wing,"Poplar, ash",Slat-back armchair,https://images.metmuseum.org/CRDImages/ad/web-large/85B_ACF110R13.jpg
173,#38170f,11.7,1650,American,The American Wing,Ash,Armchair,https://images.metmuseum.org/CRDImages/ad/web-large/85W_ACF3136R3.jpg
29170,#302d21,48.0,1650,Ottoman or Tatar,Arms and Armor,Copper alloy,Harness ornament,https://images.metmuseum.org/CRDImages/aa/web-large/LC-42_50_224-001.jpg
174,#4e2711,21.6,1660,American,The American Wing,Ash,Spindle-back armchair,https://images.metmuseum.org/CRDImages/ad/web-large/DT235352.jpg
202,#221813,20.0,1660,American,The American Wing,"Maple, soft maple, ash",Armchair,https://images.metmuseum.org/CRDImages/ad/web-large/85B_ACF104R7.jpg
945,#331913,11.2,1660,American,The American Wing,"White oak, red oak, yellow pine",Box,https://images.metmuseum.org/CRDImages/ad/web-large/85H_ACF3072R5.jpg
7436,#e5dddb,12.0,1665,American,The American Wing,Silver,Coin,https://images.metmuseum.org/CRDImages/ad/web-large/DP242582.jpg
14178,#adadad,0.0,1667,British,The American Wing,Cotton and linen twill embroidered with crewel wool,Valance,https://images.metmuseum.org/CRDImages/ad/web-large/5571.jpg
1949,#d6d6d6,0.0,1670,,The American Wing,"Iron, wood",Chandelier,https://images.metmuseum.org/CRDImages/ad/web-large/53443.jpg
7765,#e1dfd9,45.0,1670,American,The American Wing,Silver,Spoon,https://images.metmuseum.org/CRDImages/ad/web-large/DP250623.jpg
7886,#dadada,0.0,1670,,The American Wing,Iron,Stand,https://images.metmuseum.org/CRDImages/ad/web-large/17134.jpg
13592,#881127,348.9,1670,British,The American Wing,"Wool and bast fiber, woven",Chair seat,https://images.metmuseum.org/CRDImages/ad/web-large/AR291.jpg
908,#341b14,13.1,1675,American,The American Wing,"Oak, pine",Box,https://images.metmuseum.org/CRDImages/ad/web-large/85H_ACF3076R5.jpg
912,#311e19,12.5,1675,American,The American Wing,"Oak, pine",Box,https://images.metmuseum.org/CRDImages/ad/web-large/85H_ACF3075R8.jpg
1076,#2d110d,7.5,1679,American,The American Wing,"Red oak, white pine, black walnut, red cedar, maple",Cabinet,https://images.metmuseum.org/CRDImages/ad/web-large/85H_ACF3079R8.jpg
6661,#999999,0.0,1680,American,The American Wing,Silver,Cup,https://images.metmuseum.org/CRDImages/ad/web-large/DP104412.jpg
6732,#e9e9e9,0.0,1684,British,The American Wing,Tin-enameled earthenware,Posset pot,https://images.metmuseum.org/CRDImages/ad/web-large/136406.jpg
14321,#2e1d18,13.6,1690,American,The American Wing,"Maple, ash",Armchair,https://images.metmuseum.org/CRDImages/ad/web-large/85W_ACF3135R3.jpg
79,#cbcbcb,0.0,1697,,The American Wing,"Brass, iron",Andiron,https://images.metmuseum.org/CRDImages/ad/web-large/113560.jpg
47,#e8e8e8,0.0,1700,,The American Wing,Brass,Andiron,https://images.metmuseum.org/CRDImages/ad/web-large/12875.jpg
199,#e0e0e0,0.0,1700,American,The American Wing,Wood,Armchair,https://images.metmuseum.org/CRDImages/ad/web-large/142515.jpg
550,#d5d5d5,0.0,1700,,The American Wing,Brass,"Bolt, nut, and washer",https://images.metmuseum.org/CRDImages/ad/web-large/126417.jpg
587,#05185f,227.3,1700,,The American Wing,Non-lead glass with enamel decoration,Bottle,https://images.metmuseum.org/CRDImages/ad/web-large/DP241889.jpg
649,#cccccc,0.0,1700,American,The American Wing,Free-blown non-lead glass,Bottle fragment,https://images.metmuseum.org/CRDImages/ad/web-large/112931.jpg
656,#e1e1e1,0.0,1700,,The American Wing,Glass,Bottle,https://images.metmuseum.org/CRDImages/ad/web-large/DP234595.jpg
659,#eaeaec,240.0,1700,,The American Wing,Glass,Bottle,https://images.metmuseum.org/CRDImages/ad/web-large/DP234598.jpg
972,#a1a1a1,0.0,1700,,The American Wing,"Copper, iron, wood",Brazier,https://images.metmuseum.org/CRDImages/ad/web-large/147884.jpg
1040,#9c9c9c,0.0,1700,American,The American Wing,Free-blown glass,Windowpane,https://images.metmuseum.org/CRDImages/ad/web-large/7613.jpg
1168,#eeeeee,0.0,1700,American,The American Wing,Pine,Candle stand,https://images.metmuseum.org/CRDImages/ad/web-large/97143.jpg
1247,#9c8952,44.6,1700,,The American Wing,Brass,Candlestick,https://images.metmuseum.org/CRDImages/ad/web-large/DP-16170-057.jpg
1298,#edc5cf,345.0,1700,,The American Wing,"Copper, enamel",Candlestick,https://images.metmuseum.org/CRDImages/ad/web-large/DP-13455-025.jpg
6682,#332416,29.0,1700,American,The American Wing,Silver,Porringer,https://images.metmuseum.org/CRDImages/ad/web-large/DP158845.jpg
7237,#b0ada2,47.1,1700,Italian or German,The American Wing,Opaque glass,Saucer,https://images.metmuseum.org/CRDImages/ad/web-large/DP244078.jpg
7828,#cececc,60.0,1700,American,The American Wing,Silver,Spoon,https://images.metmuseum.org/CRDImages/ad/web-large/DP254108.jpg
7836,#858585,0.0,1700,American,The American Wing,Silver,Spoon,https://images.metmuseum.org/CRDImages/ad/web-large/97920.jpg
7856,#60594e,36.7,1700,,The American Wing,"Bronze, pewter",Spoons and spoon mold,https://images.metmuseum.org/CRDImages/ad/web-large/DP207238.jpg
14129,#c9cac5,72.0,1700,Dutch,The American Wing,"Cotton, linen binding, and linen fringe",Tablecover,https://images.metmuseum.org/CRDImages/ad/web-large/DP168659.jpg
29436,#a98744,39.8,1701,Japanese,Arms and Armor,"Copper-gold alloy (shakudō), copper, gold",Pair of sword-grip ornaments (Menuki),https://images.metmuseum.org/CRDImages/aa/web-large/LC-38_55_15a_b-001.jpg
29439,#2f271c,34.7,1701,Japanese,Arms and Armor,"Copper-gold alloy (shakudō), copper, gold, silver",Pair of sword-grip ornaments (Menuki),https://images.metmuseum.org/CRDImages/aa/web-large/LC-38_55_18a_b-001.jpg
29443,#736044,35.7,1701,Japanese,Arms and Armor,"Copper-gold alloy (shakudō), copper-silver alloy (shibuichi), silver, gold",Pair of sword-grip ornaments (Menuki),https://images.metmuseum.org/CRDImages/aa/web-large/LC-38_55_22a_b-001.jpg
29449,#896129,35.0,1701,Japanese,Arms and Armor,Gold,Pair of sword-grip ornaments (Menuki),https://images.metmuseum.org/CRDImages/aa/web-large/LC-38_55_28a_b-001.jpg
29454,#42250d,27.2,1701,Japanese,Arms and Armor,Gold,Pair of sword-grip ornaments (Menuki),https://images.metmuseum.org/CRDImages/aa/web-large/LC-38_55_33a_b-001.jpg
29457,#82612e,36.4,1701,Japanese,Arms and Armor,Gold,Pair of sword-grip ornaments (Menuki),https://images.metmuseum.org/CRDImages/aa/web-large/LC-38_55_36a_b-001.jpg
29460,#4d2a0f,26.1,1701,Japanese,Arms and Armor,Gold,Pair of sword-grip ornaments (Menuki),https://images.metmuseum.org/CRDImages/aa/web-large/LC-38_55_39a_b-001.jpg
29463,#706041,39.6,1701,Japanese,Arms and Armor,"Copper-gold alloy (shakudō), gold",Pair of sword-grip ornaments (Menuki),https://images.metmuseum.org/CRDImages/aa/web-large/LC-38_55_42a_b-001.jpg
29464,#e1c58d,40.0,1701,Japanese,Arms and Armor,"Copper-gold alloy (shakudō), gold",Pair of sword-grip ornaments (Menuki),https://images.metmuseum.org/CRDImages/aa/web-large/LC-38_55_43a_b-001.jpg
29467,#ecc67d,39.5,1701,Japanese,Arms and Armor,Gold,Pair of sword-grip ornaments (Menuki),https://images.metmuseum.org/CRDImages/aa/web-large/LC-38_55_46a_b-001.jpg
29471,#af893b,40.3,1701,Japanese,Arms and Armor,"Gold, copper",Pair of sword-grip ornaments (Menuki),https://images.metmuseum.org/CRDImages/aa/web-large/LC-38_55_50a_b-002.jpg
29479,#47260d,25.9,1701,Japanese,Arms and Armor,Gold,Pair of sword-grip ornaments (Menuki),https://images.metmuseum.org/CRDImages/aa/web-large/LC-38_55_58a_b-001.jpg
29481,#886128,35.6,1701,Japanese,Arms and Armor,Gold,Pair of sword-grip ornaments (Menuki),https://images.metmuseum.org/CRDImages/aa/web-large/LC-38_55_60a_b-001.jpg
29495,#8a642c,35.7,1701,Japanese,Arms and Armor,Gold,Pair of sword-grip ornaments (Menuki),https://images.metmuseum.org/CRDImages/aa/web-large/LC-38_55_74a_b-001.jpg
29496,#b8b2a7,38.8,1701,Japanese,Arms and Armor,Gold,Pair of sword-grip ornaments (Menuki),https://images.metmuseum.org/CRDImages/aa/web-large/LC-38_55_75a_b-001.jpg
154,#2c1813,12.0,1710,American,The American Wing,"Maple, cottonwood",Armchair,https://images.metmuseum.org/CRDImages/ad/web-large/85C_ACF115R7.jpg
7390,#261113,354.3,1710,American,The American Wing,Black walnut,Settle,https://images.metmuseum.org/CRDImages/ad/web-large/85D_ACF143R7.jpg
13622,#9f9f9f,0.0,1717,British,The American Wing,Linen embroidered with linen thread,Quilt,https://images.metmuseum.org/CRDImages/ad/web-large/100585.jpg
147,#2f130f,7.5,1720,American,The American Wing,"Hard maple, soft maple, ash",Banister-back armchair,https://images.metmuseum.org/CRDImages/ad/web-large/DT241037.jpg
6841,#979797,0.0,1720,American,The American Wing,"Paper, glass, shells, silver, copper wire",Sconce,https://images.metmuseum.org/CRDImages/ad/web-large/142929.jpg
1167,#f5f5f5,0.0,1722,American,The American Wing,"Pine, ash, cherry",Candle stand,https://images.metmuseum.org/CRDImages/ad/web-large/97124.jpg
508,#c4c4c4,0.0,1725,American,The American Wing,Iron,Betty lamp,https://images.metmuseum.org/CRDImages/ad/web-large/97176.jpg
7382,#d2bfa9,32.2,1725,American,The American Wing,Silver,Spoon,https://images.metmuseum.org/CRDImages/ad/web-large/DP254239.jpg
6685,#c3c0ba,40.0,1726,American,The American Wing,Silver,Porringer,https://images.metmuseum.org/CRDImages/ad/web-large/DP160388.jpg
6651,#312820,28.2,1730,American,The American Wing,Silver,Porringer,https://images.metmuseum.org/CRDImages/ad/web-large/DP158853.jpg
7064,#1a1713,34.3,1730,American,The American Wing,Silver,Salt,https://images.metmuseum.org/CRDImages/ad/web-large/DP216613.jpg
2512,#e5e5e5,0.0,1732,,The American Wing,Pewter,Sugar bowl,https://images.metmuseum.org/CRDImages/ad/web-large/240214.jpg
29377,#ebc084,35.0,1734,American,Arms and Armor,"Horn, wood",Powder horn,https://images.metmuseum.org/CRDImages/aa/web-large/42.145_001Sept2014.jpg
186,#311a14,12.4,1735,American,The American Wing,Maple,Armchair,https://images.metmuseum.org/CRDImages/ad/web-large/85D_ACF138R8.jpg
203,#795243,16.7,1735,American,The American Wing,"Soft maple, poplar, ash",Armchair,https://images.metmuseum.org/CRDImages/ad/web-large/DT280515.jpg
936,#d6d6d6,0.0,1735,American,The American Wing,"Walnut, maple",Box,https://images.metmuseum.org/CRDImages/ad/web-large/202293.jpg
6445,#091417,192.9,1736,,The American Wing,Porcelain,Plate,https://images.metmuseum.org/CRDImages/ad/web-large/ADA4355.jpg
6575,#8f875b,50.8,1736,Chinese,The American Wing,Porcelain,Platter,https://images.metmuseum.org/CRDImages/ad/web-large/ADA2987.jpg
12964,#dcdcdc,0.0,1738,American,The American Wing,"Brown ink, ink washes, and black chalk on white laid paper",Drawing,https://images.metmuseum.org/CRDImages/ad/web-large/ap87.12.167.jpg
29002,#2a2621,33.3,1738,"barrel, probably Iranian; lock and stock, Turkish",Arms and Armor,"Steel, wood, silver, gold, copper alloy, textile",Miquelet rifle,https://images.metmuseum.org/CRDImages/aa/web-large/DP216846.jpg
184,#c2a126,47.3,1740,American,The American Wing,Walnut,Armchair,https://images.metmuseum.org/CRDImages/ad/web-large/ADA3126.jpg
1316,#d1d1d1,0.0,1740,American,The American Wing,Silver,Candlestick,https://images.metmuseum.org/CRDImages/ad/web-large/DP251747.jpg
6718,#25211e,25.7,1740,American,The American Wing,Silver,Porringer,https://images.metmuseum.org/CRDImages/ad/web-large/DP160776.jpg
6888,#0f2c32,190.3,1740,American,The American Wing,,Fireplace wall paneling,https://images.metmuseum.org/CRDImages/ad/web-large/DT223517.jpg
7328,#1a2951,223.6,1740,American,The American Wing,Blown pattern-molded lead glass,Scent bottle,https://images.metmuseum.org/CRDImages/ad/web-large/APS1113.jpg
7386,#ef9502,37.2,1740,American,The American Wing,"Walnut, yellow pine; upholstery (modern)",Settee,https://images.metmuseum.org/CRDImages/ad/web-large/DP-28689-001.jpg
707,#d0d0d0,0.0,1747,British (American market),The American Wing,Stoneware,Bowl,https://images.metmuseum.org/CRDImages/ad/web-large/133421.jpg
781,#a6a6a6,0.0,1747,American,The American Wing,Silver,Bowl,https://images.metmuseum.org/CRDImages/ad/web-large/DP108070.jpg
7532,#0f0f0f,0.0,1747,,The American Wing,Gold,Cufflinks,https://images.metmuseum.org/CRDImages/ad/web-large/188514.jpg
12913,#21160a,31.3,1747,American,The American Wing,Oil on canvas,Painting,https://images.metmuseum.org/CRDImages/ad/web-large/DT9458.jpg
1044,#391b1d,356.0,1750,American,The American Wing,"Mahogany, white pine, white oak",Bureau Table,https://images.metmuseum.org/CRDImages/ad/web-large/DP112865.JPG
1177,#f7f7f7,0.0,1750,American,The American Wing,Wood,Candle stand,https://images.metmuseum.org/CRDImages/ad/web-large/189280.jpg
1273,#d6d6d6,0.0,1750,,The American Wing,Brass,Candlestick,https://images.metmuseum.org/CRDImages/ad/web-large/142483.jpg
1274,#d6d6d6,0.0,1750,,The American Wing,Brass,Candlestick,https://images.metmuseum.org/CRDImages/ad/web-large/142483.jpg
6382,#402c18,30.0,1750,British,The American Wing,Earthenware,Plate,https://images.metmuseum.org/CRDImages/ad/web-large/DP260590.jpg
6392,#3d2c1c,29.1,1750,British,The American Wing,Earthenware,Dish,https://images.metmuseum.org/CRDImages/ad/web-large/DP260592.jpg
6396,#432b15,28.7,1750,British,The American Wing,Earthenware,Plate,https://images.metmuseum.org/CRDImages/ad/web-large/DP260591.jpg
6398,#432b15,28.7,1750,British,The American Wing,Earthenware,Plate,https://images.metmuseum.org/CRDImages/ad/web-large/DP260591.jpg
6672,#262420,40.0,1750,American,The American Wing,Silver,Porringer,https://images.metmuseum.org/CRDImages/ad/web-large/DP160371.jpg
7471,#e9e9e9,0.0,1750,American or British,The American Wing,"Silver, paste",Buckle,https://images.metmuseum.org/CRDImages/ad/web-large/98480.jpg
12562,#1a1a1a,0.0,1751,American,The American Wing,Pastel on light gray wove paper,Drawing,https://images.metmuseum.org/CRDImages/ad/web-large/ap08.238.jpg
6863,#f1f5f8,205.7,1755,European,The American Wing,"Gold, diamonds",Ring,https://images.metmuseum.org/CRDImages/ad/web-large/DP205040.jpg
7571,#dcdcdc,0.0,1755,American,The American Wing,Silver,Snuffer Stand,https://images.metmuseum.org/CRDImages/ad/web-large/DP110186.jpg
617,#cdd4da,207.7,1757,British,The American Wing,Opaque glass with enamel decoration,Bottle,https://images.metmuseum.org/CRDImages/ad/web-large/DP243768.jpg
619,#d2d5d7,204.0,1757,British,The American Wing,Opaque glass with enamel decoration,Bottle,https://images.metmuseum.org/CRDImages/ad/web-large/DP243794.jpg
708,#a2a2a2,0.0,1757,British (American market),The American Wing,Tin-enameled earthenware,Bowl,https://images.metmuseum.org/CRDImages/ad/web-large/133259.jpg
1264,#d5d5d5,0.0,1757,,The American Wing,Brass,Candlestick,https://images.metmuseum.org/CRDImages/ad/web-large/142478.jpg
6818,#446c54,144.0,1757,British (American market),The American Wing,Stoneware,Punch pot,https://images.metmuseum.org/CRDImages/ad/web-large/DP-18258-001.jpg
7763,#e5e5e5,0.0,1757,American,The American Wing,Silver,Spoon,https://images.metmuseum.org/CRDImages/ad/web-large/98081.jpg
334,#252525,0.0,1760,American,The American Wing,Pewter,Basin,https://images.metmuseum.org/CRDImages/ad/web-large/132033.jpg
417,#764f5a,343.1,1760,British,The American Wing,Opaque glass with enamel decoration,Beaker,https://images.metmuseum.org/CRDImages/ad/web-large/DP243689.jpg
437,#e9e9e9,0.0,1760,American,The American Wing,"Mahogany, maple, white pine",Bedstead,https://images.metmuseum.org/CRDImages/ad/web-large/217260.jpg
902,#a9a9a9,0.0,1760,,The American Wing,"Ivory, porcelain",Box,https://images.metmuseum.org/CRDImages/ad/web-large/25591.jpg
7474,#aaaaaa,0.0,1760,American,The American Wing,Silver plate on brass,Shoe buckle,https://images.metmuseum.org/CRDImages/ad/web-large/115461.jpg
7565,#fae2ad,41.3,1760,American,The American Wing,Gold,Snuffbox,https://images.metmuseum.org/CRDImages/ad/web-large/DT11601.jpg
6652,#ededed,0.0,1761,American,The American Wing,Pewter,Porringer,https://images.metmuseum.org/CRDImages/ad/web-large/122854.jpg
12997,#262626,0.0,1762,,The American Wing,Oil on glass,Painting,https://images.metmuseum.org/CRDImages/ad/web-large/68224.jpg
13549,#acacac,0.0,1762,American,The American Wing,Linen embroidered with crewel wool,Curtain,https://images.metmuseum.org/CRDImages/ad/web-large/130137.jpg
14180,#d3d3d3,0.0,1762,American,The American Wing,Linen embroidered with crewel wool,Valance,https://images.metmuseum.org/CRDImages/ad/web-large/130139.jpg
2524,#d5d4d4,0.0,1765,American,The American Wing,Silver,Sugar Bowl,https://images.metmuseum.org/CRDImages/ad/web-large/DP245829.jpg
7365,#d6d6d6,0.0,1767,,The American Wing,Paper-covered wax,Seal,https://images.metmuseum.org/CRDImages/ad/web-large/148298.jpg
7545,#f5f5f5,0.0,1767,American,The American Wing,Gold,Cufflinks,https://images.metmuseum.org/CRDImages/ad/web-large/170413.jpg
7546,#f5f5f5,0.0,1767,American,The American Wing,Gold,Cufflinks,https://images.metmuseum.org/CRDImages/ad/web-large/170413.jpg
7783,#a6a6a6,0.0,1767,American,The American Wing,Pewter,Spoon,https://images.metmuseum.org/CRDImages/ad/web-large/123941.jpg
13331,#eed7c5,26.3,1767,American,The American Wing,Oil on canvas,Painting,https://images.metmuseum.org/CRDImages/ad/web-large/ap65.34.jpg
50,#b3b3b3,0.0,1770,,The American Wing,Iron,Andiron,https://images.metmuseum.org/CRDImages/ad/web-large/130480.jpg
74,#d3d3d3,0.0,1770,,The American Wing,Iron,Andiron,https://images.metmuseum.org/CRDImages/ad/web-large/110314.jpg
341,#a9a9a9,0.0,1770,American,The American Wing,Pewter,Basin,https://images.metmuseum.org/CRDImages/ad/web-large/120270.jpg
384,#646464,0.0,1770,American,The American Wing,Silver,Beaker,https://images.metmuseum.org/CRDImages/ad/web-large/DP106790.jpg
423,#616161,0.0,1770,American,The American Wing,Silver,Beaker,https://images.metmuseum.org/CRDImages/ad/web-large/DP106824.jpg
431,#d5d5d5,0.0,1770,American,The American Wing,Silver,Beaker,https://images.metmuseum.org/CRDImages/ad/web-large/DP106862.jpg
896,#e8e8e8,0.0,1770,,The American Wing,"Tortoiseshell, copper",Box,https://images.metmuseum.org/CRDImages/ad/web-large/25307.jpg
1019,#606060,0.0,1770,American,The American Wing,Cedar,Bride box,https://images.metmuseum.org/CRDImages/ad/web-large/97400.jpg
2556,#291e16,25.3,1770,Chinese,The American Wing,Porcelain,Vase,https://images.metmuseum.org/CRDImages/ad/web-large/DP262502.jpg
2561,#e2e2e2,0.0,1770,Chinese,The American Wing,Porcelain,Vase,https://images.metmuseum.org/CRDImages/ad/web-large/150675.jpg
6795,#d5d5d5,0.0,1770,Chinese,The American Wing,Porcelain,Punch bowl,https://images.metmuseum.org/CRDImages/ad/web-large/117590.jpg
7438,#d5d5d5,0.0,1770,,The American Wing,"Metal, bronze, steel, glass",Shoe buckle,https://images.metmuseum.org/CRDImages/ad/web-large/2490.jpg
7448,#b5b5b5,0.0,1770,,The American Wing,Silver plate on copper,Shoe buckle,https://images.metmuseum.org/CRDImages/ad/web-large/97892.jpg
7468,#5f5f5f,0.0,1770,,The American Wing,Silver plate on copper,Shoe buckle,https://images.metmuseum.org/CRDImages/ad/web-large/98385.jpg
7811,#030604,140.0,1770,American,The American Wing,Silver,Spoon,https://images.metmuseum.org/CRDImages/ad/web-large/ADA4340.jpg
13010,#263842,201.4,1772,American,The American Wing,"Pastel on blue (now oxidized) laid paper, mounted on a wood strainer",Drawing,https://images.metmuseum.org/CRDImages/ad/web-large/DP-32139-001.jpg
6690,#9f9f9f,0.0,1773,American,The American Wing,Pewter,Porringer,https://images.metmuseum.org/CRDImages/ad/web-large/118736.jpg
941,#d4d4d4,0.0,1775,,The American Wing,Enameled silver or pewter,Box,https://images.metmuseum.org/CRDImages/ad/web-large/25585.jpg
944,#eeeeee,0.0,1775,American,The American Wing,Poplar,Box,https://images.metmuseum.org/CRDImages/ad/web-large/97133.jpg
6957,#ccc0af,35.2,1775,American,The American Wing,Silver,Spoon,https://images.metmuseum.org/CRDImages/ad/web-large/DP253500.jpg
7459,#969696,0.0,1775,,The American Wing,Silver plate on copper,Shoe buckle,https://images.metmuseum.org/CRDImages/ad/web-large/97882.jpg
12614,#a7a7a7,0.0,1775,American,The American Wing,Watercolor and graphite on off-white wove paper,Watercolor,https://images.metmuseum.org/CRDImages/ad/web-large/263200.jpg
469,#dedede,0.0,1776,,The American Wing,Enamel,Painting,https://images.metmuseum.org/CRDImages/ad/web-large/25580.jpg
485,#e9e9e9,0.0,1776,,The American Wing,Panel,Painting,https://images.metmuseum.org/CRDImages/ad/web-large/25583.jpg
497,#a4a4a4,0.0,1776,,The American Wing,Ivory,Plaque,https://images.metmuseum.org/CRDImages/ad/web-large/25547.jpg
1106,#dddddd,0.0,1776,,The American Wing,Glass paste,Plaque,https://images.metmuseum.org/CRDImages/ad/web-large/25473_83.2.142.jpg
6731,#30040e,346.4,1776,,The American Wing,Bronze,Plaque,https://images.metmuseum.org/CRDImages/ad/web-large/LC-83_2_94.jpg
6854,#242424,0.0,1776,,The American Wing,Bronze,Plaque,https://images.metmuseum.org/CRDImages/ad/web-large/25916.jpg
14065,#dedede,0.0,1777,British,The American Wing,Linen embroidered with silk thread,Sampler,https://images.metmuseum.org/CRDImages/ad/web-large/164299.jpg
489,#4b230e,20.7,1778,,The American Wing,Terracotta,Medallion,https://images.metmuseum.org/CRDImages/ad/web-large/DP248064.jpg
2597,#fafafa,0.0,1780,American or British,The American Wing,Blown pattern-molded lead glass,Cream pot,https://images.metmuseum.org/CRDImages/ad/web-large/17441.jpg
6834,#d9d9d9,0.0,1780,American,The American Wing,Pewter,Quart mug,https://images.metmuseum.org/CRDImages/ad/web-large/132005.jpg
6972,#f3f3f3,0.0,1780,American or British,The American Wing,Blown pattern-molded lead blue glass,Saltcellar,https://images.metmuseum.org/CRDImages/ad/web-large/17448.jpg
6981,#dcdcdb,60.0,1780,American or British,The American Wing,Blown pattern-molded glass,Saltcellar,https://images.metmuseum.org/CRDImages/ad/web-large/DP242985.jpg
12822,#624313,36.5,1780,American,The American Wing,Oil on canvas,Painting,https://images.metmuseum.org/CRDImages/ad/web-large/DT2823.jpg
13412,#cccccc,0.0,1782,American,The American Wing,Black chalk and white-chalk heightening on blue laid paper,Drawing,https://images.metmuseum.org/CRDImages/ad/web-large/ap60.44.10 verso.jpg
14352,#dbdbdb,0.0,1782,American,The American Wing,Watercolor on ivory,"Painting, miniature",https://images.metmuseum.org/CRDImages/ad/web-large/APS6852.jpg
842,#382f2c,15.0,1785,"Chinese, for American market",The American Wing,Porcelain,Bowl,https://images.metmuseum.org/CRDImages/ad/web-large/DP258517.jpg
850,#382f2c,15.0,1785,"Chinese, for American market",The American Wing,Porcelain,Bowl,https://images.metmuseum.org/CRDImages/ad/web-large/DP258517.jpg
855,#382f2c,15.0,1785,"Chinese, for American market",The American Wing,Porcelain,Bowl,https://images.metmuseum.org/CRDImages/ad/web-large/DP258517.jpg
883,#555558,240.0,1785,"Chinese, for American market",The American Wing,Porcelain,Bowl,https://images.metmuseum.org/CRDImages/ad/web-large/DP258502.jpg
983,#686462,20.0,1785,"Chinese, for American market",The American Wing,Porcelain,Bread plate,https://images.metmuseum.org/CRDImages/ad/web-large/DP258638.jpg
993,#686462,20.0,1785,"Chinese, for American market",The American Wing,Porcelain,Bread plate,https://images.metmuseum.org/CRDImages/ad/web-large/DP258638.jpg
997,#686462,20.0,1785,"Chinese, for American market",The American Wing,Porcelain,Bread plate,https://images.metmuseum.org/CRDImages/ad/web-large/DP258638.jpg
999,#686462,20.0,1785,"Chinese, for American market",The American Wing,Porcelain,Bread plate,https://images.metmuseum.org/CRDImages/ad/web-large/DP258638.jpg
1002,#686462,20.0,1785,"Chinese, for American market",The American Wing,Porcelain,Bread plate,https://images.metmuseum.org/CRDImages/ad/web-large/DP258638.jpg
1006,#686462,20.0,1785,"Chinese, for American market",The American Wing,Porcelain,Bread plate,https://images.metmuseum.org/CRDImages/ad/web-large/DP258638.jpg
6268,#7c6148,28.8,1785,"Chinese, for American market",The American Wing,Porcelain,Plate,https://images.metmuseum.org/CRDImages/ad/web-large/ADA2657.jpg
6269,#7c6148,28.8,1785,"Chinese, for American market",The American Wing,Porcelain,Plate,https://images.metmuseum.org/CRDImages/ad/web-large/ADA2657.jpg
6270,#7c6148,28.8,1785,"Chinese, for American market",The American Wing,Porcelain,Plate,https://images.metmuseum.org/CRDImages/ad/web-large/ADA2657.jpg
6275,#7c6148,28.8,1785,"Chinese, for American market",The American Wing,Porcelain,Plate,https://images.metmuseum.org/CRDImages/ad/web-large/ADA2657.jpg
6276,#7c6148,28.8,1785,"Chinese, for American market",The American Wing,Porcelain,Plate,https://images.metmuseum.org/CRDImages/ad/web-large/ADA2657.jpg
6279,#7c6148,28.8,1785,"Chinese, for American market",The American Wing,Porcelain,Plate,https://images.metmuseum.org/CRDImages/ad/web-large/ADA2657.jpg
6280,#7c6148,28.8,1785,"Chinese, for American market",The American Wing,Porcelain,Plate,https://images.metmuseum.org/CRDImages/ad/web-large/ADA2657.jpg
6281,#7c6148,28.8,1785,"Chinese, for American market",The American Wing,Porcelain,Plate,https://images.metmuseum.org/CRDImages/ad/web-large/ADA2657.jpg
6289,#7c6148,28.8,1785,"Chinese, for American market",The American Wing,Porcelain,Plate,https://images.metmuseum.org/CRDImages/ad/web-large/ADA2657.jpg
6292,#7c6148,28.8,1785,"Chinese, for American market",The American Wing,Porcelain,Plate,https://images.metmuseum.org/CRDImages/ad/web-large/ADA2657.jpg
6301,#7c6148,28.8,1785,"Chinese, for American market",The American Wing,Porcelain,Plate,https://images.metmuseum.org/CRDImages/ad/web-large/ADA2657.jpg
6541,#c5cacd,202.5,1785,"Chinese, for American market",The American Wing,Porcelain,Platter,https://images.metmuseum.org/CRDImages/ad/web-large/DP258644.jpg
6542,#c4c8ca,200.0,1785,"Chinese, for American market",The American Wing,Porcelain,Platter,https://images.metmuseum.org/CRDImages/ad/web-large/DP258643.jpg
6548,#3c271a,22.9,1785,"Chinese, for American market",The American Wing,Porcelain,Platter,https://images.metmuseum.org/CRDImages/ad/web-large/DP258500.jpg
7299,#656260,24.0,1785,"Chinese, for American market",The American Wing,Porcelain,Saucer,https://images.metmuseum.org/CRDImages/ad/web-large/DP258646.jpg
7663,#41271c,17.8,1785,"Chinese, for American market",The American Wing,Porcelain,Soup plate,https://images.metmuseum.org/CRDImages/ad/web-large/DP258890.jpg
7684,#736c68,21.8,1785,"Chinese, for American market",The American Wing,Porcelain,Soup plate,https://images.metmuseum.org/CRDImages/ad/web-large/DP258516.jpg
526,#dadada,0.0,1787,American,The American Wing,Ink and watercolor on paper,"Birth and baptismal certificate, Fraktur",https://images.metmuseum.org/CRDImages/ad/web-large/97419.jpg
1279,#cdcdcd,0.0,1787,,The American Wing,Sheffield silver plate,Candlestick,https://images.metmuseum.org/CRDImages/ad/web-large/142497.jpg
2492,#626261,60.0,1787,Chinese,The American Wing,Porcelain,Sugar bowl,https://images.metmuseum.org/CRDImages/ad/web-large/DP264522.jpg
12641,#55777a,184.9,1787,American,The American Wing,Oil on canvas,Painting,https://images.metmuseum.org/CRDImages/ad/web-large/ap61.90.jpg
13020,#d8d8d8,0.0,1787,,The American Wing,Oil on glass,Painting,https://images.metmuseum.org/CRDImages/ad/web-large/156980.jpg
13385,#3a2711,32.2,1787,American,The American Wing,Watercolor on ivory,"Painting, miniature",https://images.metmuseum.org/CRDImages/ad/web-large/DT6141.jpg
13578,#a3a3a3,0.0,1787,American,The American Wing,Wool,Rug,https://images.metmuseum.org/CRDImages/ad/web-large/121617.jpg
6699,#a8a8a8,0.0,1788,American,The American Wing,Pewter,Porringer,https://images.metmuseum.org/CRDImages/ad/web-large/123915.jpg
7793,#b0b0b0,0.0,1788,American,The American Wing,Pewter,Spoon,https://images.metmuseum.org/CRDImages/ad/web-large/123985.jpg
12829,#a3884e,40.9,1788,American,The American Wing,Oil on mahogany,Painting,https://images.metmuseum.org/CRDImages/ad/web-large/DT2069.jpg
524,#4b210c,20.0,1789,American,The American Wing,Ink and watercolor on paper,"Birth and baptismal certificate, Fraktur",https://images.metmuseum.org/CRDImages/ad/web-large/ADA2729.jpg
2548,#313131,0.0,1790,"Chinese, for American market",The American Wing,Porcelain,Tureen,https://images.metmuseum.org/CRDImages/ad/web-large/171550.jpg
6637,#e7e7e7,0.0,1790,,The American Wing,Leather,Pocketbook,https://images.metmuseum.org/CRDImages/ad/web-large/32513.jpg
6962,#cec0ad,34.5,1790,American,The American Wing,Silver,Spoon,https://images.metmuseum.org/CRDImages/ad/web-large/DP255711.jpg
7371,#dddcdc,0.0,1790,American,The American Wing,Silver,Pan,https://images.metmuseum.org/CRDImages/ad/web-large/DP245760.jpg
7575,#e5e5e5,0.0,1790,American,The American Wing,"Mahogany, satinwood, maple",Sofa,https://images.metmuseum.org/CRDImages/ad/web-large/49069.jpg
267,#4c2111,16.3,1791,American,The American Wing,"Primary: mahogany; Secondary: cherry (medial braces), ash or oak (stubb tenon feet).",Armchair,https://images.metmuseum.org/CRDImages/ad/web-large/DP171103.jpg
6657,#a2a2a2,0.0,1791,American,The American Wing,Pewter,Porringer,https://images.metmuseum.org/CRDImages/ad/web-large/122870.jpg
108,#dbdbdb,0.0,1792,American,The American Wing,Brass and iron,Andiron,https://images.metmuseum.org/CRDImages/ad/web-large/248479.jpg
7217,#090907,60.0,1792,"Chinese, for American market",The American Wing,Porcelain,Saucer,https://images.metmuseum.org/CRDImages/ad/web-large/ADA2671.jpg
12671,#11191d,200.0,1792,American,The American Wing,Oil on canvas,Painting,https://images.metmuseum.org/CRDImages/ad/web-large/DP105036.jpg
12677,#0d1a15,156.9,1792,American,The American Wing,Oil on canvas,Painting,https://images.metmuseum.org/CRDImages/ad/web-large/DP105035.jpg
12999,#7d8790,208.4,1792,American,The American Wing,Watercolor on ivory,"Painting, miniature",https://images.metmuseum.org/CRDImages/ad/web-large/ap20.130.4.jpg
14460,#4b657e,209.4,1794,American,The American Wing,Graphite on off-white wove paper,Drawing,https://images.metmuseum.org/CRDImages/ad/web-large/ap26.216.82.jpg
42,#d9d9d9,0.0,1795,American,The American Wing,"Brass, iron",Andiron,https://images.metmuseum.org/CRDImages/ad/web-large/172134.jpg
92,#a18b4b,44.7,1795,American,The American Wing,"Brass, iron",Andiron,https://images.metmuseum.org/CRDImages/ad/web-large/DP-16170-029.jpg
259,#e9e9e9,0.0,1795,American,The American Wing,"Mahogany, ash, cherry",Armchair,https://images.metmuseum.org/CRDImages/ad/web-large/138706.jpg
322,#d8d8d8,0.0,1795,American,The American Wing,Pewter,Baptismal bowl,https://images.metmuseum.org/CRDImages/ad/web-large/141403.jpg
1860,#e9e9e9,0.0,1795,American,The American Wing,"Mahogany, ash, cherry",Side Chair,https://images.metmuseum.org/CRDImages/ad/web-large/138578.jpg
1861,#ebebeb,0.0,1795,American,The American Wing,"Mahogany, ash, cherry",Side Chair,https://images.metmuseum.org/CRDImages/ad/web-large/138579.jpg
6703,#c3c0b9,42.0,1795,American,The American Wing,Silver,Porringer,https://images.metmuseum.org/CRDImages/ad/web-large/DP158839.jpg
7591,#403123,29.0,1795,American,The American Wing,"Mahogany, white pine, birch",Sofa,https://images.metmuseum.org/CRDImages/ad/web-large/DP105064.jpg
122,#9a9a9a,0.0,1797,American,The American Wing,Brass,Andiron,https://images.metmuseum.org/CRDImages/ad/web-large/181517.jpg
6783,#292929,0.0,1797,,The American Wing,"Wax, velvet, glass, wood",Miniature,https://images.metmuseum.org/CRDImages/ad/web-large/148778.jpg
6908,#dfdfdf,0.0,1797,"British, probably",The American Wing,Blown pattern-molded lead glass,Rummer,https://images.metmuseum.org/CRDImages/ad/web-large/19178.jpg
12965,#dccb8d,47.1,1797,"Chinese, for American market",The American Wing,Oil on glass,Painting,https://images.metmuseum.org/CRDImages/ad/web-large/10B_060R3M.jpg
13619,#3e160d,11.0,1797,American,The American Wing,"Cotton, woven",Counterpane,https://images.metmuseum.org/CRDImages/ad/web-large/TP559.jpg
14505,#2e2e2e,0.0,1797,,The American Wing,"Wax, glass, wood",Miniature,https://images.metmuseum.org/CRDImages/ad/web-large/148779.jpg
13551,#2b2b2b,0.0,1799,American,The American Wing,Woven silk,Badge,https://images.metmuseum.org/CRDImages/ad/web-large/25540_83.2.153.jpg
56,#e8e8e8,0.0,1800,,The American Wing,Bell metal,Andiron,https://images.metmuseum.org/CRDImages/ad/web-large/12875.jpg
99,#dedede,0.0,1800,,The American Wing,"Brass, steel",Andiron,https://images.metmuseum.org/CRDImages/ad/web-large/142931.jpg
126,#e1e1e1,0.0,1800,British (American market),The American Wing,"Earthenware, lusterware",Figure,https://images.metmuseum.org/CRDImages/ad/web-large/138290.jpg
218,#ededed,0.0,1800,American,The American Wing,"Mahogany, ash",Armchair,https://images.metmuseum.org/CRDImages/ad/web-large/134786.jpg
562,#e8e5df,40.0,1800,British (American market),The American Wing,"Earthenware, lusterware",Bookend,https://images.metmuseum.org/CRDImages/ad/web-large/DP-18258-003.jpg
594,#16110d,26.7,1800,American,The American Wing,Earthenware,Bottle,https://images.metmuseum.org/CRDImages/ad/web-large/DP259104.jpg
607,#0e2d1b,145.2,1800,American,The American Wing,Blown pattern-molded glass,Bottle,https://images.metmuseum.org/CRDImages/ad/web-large/DP243693.jpg
751,#a1a1a1,0.0,1800,,The American Wing,Lacy pressed glass,Bowl,https://images.metmuseum.org/CRDImages/ad/web-large/153265.jpg
964,#969696,0.0,1800,"British, probably",The American Wing,Cut blown glass,Brandy tumbler,https://images.metmuseum.org/CRDImages/ad/web-large/60434.jpg
968,#969696,0.0,1800,"British, probably",The American Wing,Cut blown glass,Brandy tumbler,https://images.metmuseum.org/CRDImages/ad/web-large/60434.jpg
969,#969696,0.0,1800,"British, probably",The American Wing,Cut blown glass,Brandy tumbler,https://images.metmuseum.org/CRDImages/ad/web-large/60434.jpg
1127,#d7d7d7,0.0,1800,,The American Wing,Gilt bronze,Candelabrum,https://images.metmuseum.org/CRDImages/ad/web-large/159293.jpg
1184,#34221d,13.0,1800,American,The American Wing,Earthenware,Candlestick,https://images.metmuseum.org/CRDImages/ad/web-large/DP257752.jpg
1317,#d5d5d5,0.0,1800,American,The American Wing,Silver,Candlestick,https://images.metmuseum.org/CRDImages/ad/web-large/DP251738.jpg
2602,#f5f5f5,0.0,1800,British,The American Wing,Free-blown blue glass,Cream pot,https://images.metmuseum.org/CRDImages/ad/web-large/19061.jpg
6452,#dadada,0.0,1800,Chinese,The American Wing,Porcelain,Plate,https://images.metmuseum.org/CRDImages/ad/web-large/157741.jpg
6461,#dddddd,0.0,1800,Chinese,The American Wing,Porcelain,Plate,https://images.metmuseum.org/CRDImages/ad/web-large/157750.jpg
6462,#dadada,0.0,1800,Chinese,The American Wing,Porcelain,Plate,https://images.metmuseum.org/CRDImages/ad/web-large/157751.jpg
6511,#382715,30.9,1800,"Chinese, for American market",The American Wing,Porcelain,Platter,https://images.metmuseum.org/CRDImages/ad/web-large/DP207302.jpg
6578,#d5d5d5,0.0,1800,Chinese,The American Wing,Porcelain,Platter,https://images.metmuseum.org/CRDImages/ad/web-large/157725.jpg
6796,#c5c4b2,56.8,1800,British,The American Wing,"Earthenware, transfer-printed",Punch bowl,https://images.metmuseum.org/CRDImages/ad/web-large/DP237866.jpg
6864,#a2a2a2,0.0,1800,British,The American Wing,Onyx and gold,Ring,https://images.metmuseum.org/CRDImages/ad/web-large/25469.jpg
7039,#cccccc,0.0,1800,,The American Wing,Lacy pressed blue glass,Salt,https://images.metmuseum.org/CRDImages/ad/web-large/153482.jpg
7224,#1d2939,214.3,1800,,The American Wing,"Earthenware, spatterware",Saucer,https://images.metmuseum.org/CRDImages/ad/web-large/ES6082.jpg
7348,#d4d4d4,0.0,1800,American or British,The American Wing,"Gilt gesso, wood, wire",Sconce,https://images.metmuseum.org/CRDImages/ad/web-large/138342.jpg
7421,#dfdfdf,0.0,1800,American,The American Wing,"Mahogany, maple, ebony, white pine",Shelf clock,https://images.metmuseum.org/CRDImages/ad/web-large/12053.jpg
7484,#dadada,0.0,1800,,The American Wing,Iron,Shovel,https://images.metmuseum.org/CRDImages/ad/web-large/32619.jpg
7515,#ececec,0.0,1800,American,The American Wing,Silver,Siphoning Tube,https://images.metmuseum.org/CRDImages/ad/web-large/43225.jpg
7689,#dbdbdb,0.0,1800,Chinese,The American Wing,Porcelain,Soup plate,https://images.metmuseum.org/CRDImages/ad/web-large/157728.jpg
7691,#d5d5d5,0.0,1800,Chinese,The American Wing,Porcelain,Soup plate,https://images.metmuseum.org/CRDImages/ad/web-large/157730.jpg
12859,#262626,0.0,1800,American,The American Wing,Oil on canvas mounted on masonite,Painting,https://images.metmuseum.org/CRDImages/ad/web-large/ap63.138.4.jpg
12909,#7d8790,208.4,1800,American,The American Wing,Watercolor on ivory in a gold and pearl ring,"Painting, miniature",https://images.metmuseum.org/CRDImages/ad/web-large/ap32.134.3.jpg
12914,#cdcdcd,0.0,1800,American,The American Wing,Graphite on Bristol board,Drawing,https://images.metmuseum.org/CRDImages/ad/web-large/ap26.216.80.jpg
13330,#202020,0.0,1800,American,The American Wing,"Pastel on off-white wove paper with black grosgrain-type ribbon, mounted on a wood strainer",Drawing,https://images.metmuseum.org/CRDImages/ad/web-large/189952.jpg
13333,#d5d5d5,0.0,1800,American,The American Wing,Graphite on off-white wove paper,Drawing,https://images.metmuseum.org/CRDImages/ad/web-large/65077.jpg
14066,#a0a0a0,0.0,1800,American,The American Wing,"Silk on linen, embroidered",Sampler,https://images.metmuseum.org/CRDImages/ad/web-large/164823.jpg
29517,#3a302b,20.0,1800,Japanese,Arms and Armor,"Iron, gold, copper",Sword guard (Tsuba),https://images.metmuseum.org/CRDImages/aa/web-large/38.25.15_001apr2014.jpg
6691,#afafaf,0.0,1801,American,The American Wing,Pewter,Porringer,https://images.metmuseum.org/CRDImages/ad/web-large/123911.jpg
13200,#4a665e,162.9,1801,American,The American Wing,Oil on wood,Painting,https://images.metmuseum.org/CRDImages/ad/web-large/ap69.73.jpg
29184,#322f2d,24.0,1801,European,Arms and Armor,Iron alloy,Spur,https://images.metmuseum.org/CRDImages/aa/web-large/LC-42_50_248-001.jpg
29214,#dad9d5,48.0,1801,German,Arms and Armor,Iron alloy,Rowel spur,https://images.metmuseum.org/CRDImages/aa/web-large/LC-42_50_284-001.jpg
29264,#2f2822,27.7,1801,Danish,Arms and Armor,"Copper alloy, silver, glass",Spurs,https://images.metmuseum.org/CRDImages/aa/web-large/LC-42_50_365_366-001.jpg
29322,#322e29,33.3,1801,Argentinian,Arms and Armor,Iron alloy,Stirrups,https://images.metmuseum.org/CRDImages/aa/web-large/LC-42_50_466_467-002.jpg
14096,#391408,14.7,1802,American,The American Wing,Embroidered silk on linen,Sampler,https://images.metmuseum.org/CRDImages/ad/web-large/AR380.jpg
14402,#7d8790,208.4,1802,American,The American Wing,Watercolor on ivory,"Painting, miniature",https://images.metmuseum.org/CRDImages/ad/web-large/ap1991.272.jpg
12827,#181818,0.0,1803,American,The American Wing,Oil on canvas,Painting,https://images.metmuseum.org/CRDImages/ad/web-large/ap22.76.2.jpg
7415,#d6d6d6,0.0,1805,American,The American Wing,"Silver, leather",Sheath,https://images.metmuseum.org/CRDImages/ad/web-large/97689.jpg
14058,#a4a4a4,0.0,1806,American,The American Wing,Silk embroidery on linen,Sampler,https://images.metmuseum.org/CRDImages/ad/web-large/119436.jpg
13341,#d7dadd,210.0,1807,American,The American Wing,Watercolor on ivory,"Painting, miniature",https://images.metmuseum.org/CRDImages/ad/web-large/ap38.146.9.jpg
14130,#d6d6d6,0.0,1807,American,The American Wing,Cotton,Quilt,https://images.metmuseum.org/CRDImages/ad/web-large/DP146404.jpg
14077,#392017,15.9,1808,American,The American Wing,Linen embroidered with silk,Sampler,https://images.metmuseum.org/CRDImages/ad/web-large/RT623.jpg
12560,#e1d7cb,32.7,1809,American,The American Wing,Pastel on tone (now oxidized) laid paper,Drawing,https://images.metmuseum.org/CRDImages/ad/web-large/DP155526.jpg
14109,#a3a3a3,0.0,1809,American,The American Wing,"Linen, woven",Sheet,https://images.metmuseum.org/CRDImages/ad/web-large/150433.jpg
381,#a2a2a2,0.0,1810,American,The American Wing,Pewter,Beaker,https://images.metmuseum.org/CRDImages/ad/web-large/122866.jpg
1136,#ececec,0.0,1810,,The American Wing,Gilt bronze,Candelabrum,https://images.metmuseum.org/CRDImages/ad/web-large/158335.jpg
1960,#a5a5a5,0.0,1810,British or Irish,The American Wing,"Glass, brass",Chandelier,https://images.metmuseum.org/CRDImages/ad/web-large/139811.jpg
6658,#636363,0.0,1810,American,The American Wing,Pewter,Porringer,https://images.metmuseum.org/CRDImages/ad/web-large/116851.jpg
6956,#adadad,0.0,1810,American,The American Wing,Silver,Spoon,https://images.metmuseum.org/CRDImages/ad/web-large/52574.jpg
13326,#131313,0.0,1810,American,The American Wing,Watercolor on paper,Watercolor,https://images.metmuseum.org/CRDImages/ad/web-large/116316.jpg
13629,#d4d4d4,0.0,1810,American,The American Wing,Cotton embroidered with cotton thread,Coverlet,https://images.metmuseum.org/CRDImages/ad/web-large/183879.jpg
14233,#d8d8d7,60.0,1810,,The American Wing,Pressed glass,Drawer pull,https://images.metmuseum.org/CRDImages/ad/web-large/DP236500.jpg
14239,#d7d7d7,0.0,1810,,The American Wing,Pressed glass,Drawer pull,https://images.metmuseum.org/CRDImages/ad/web-large/DP236494.jpg
14248,#bbd2de,200.6,1810,,The American Wing,Opalescent glass,Drapery tieback,https://images.metmuseum.org/CRDImages/ad/web-large/DP237897.jpg
12726,#ecdccf,26.9,1811,American,The American Wing,"Watercolor, black chalk, gum arabic, and gouache on white laid paper",Watercolor,https://images.metmuseum.org/CRDImages/ad/web-large/DP276571.jpg
12730,#cecece,0.0,1811,American,The American Wing,Watercolor and gouache on off-white laid paper,Watercolor,https://images.metmuseum.org/CRDImages/ad/web-large/ap42.95.6.jpg
12738,#2e2e2e,0.0,1811,American,The American Wing,"Watercolor, gouache, and sgraffito on white wove paper",Watercolor,https://images.metmuseum.org/CRDImages/ad/web-large/ap42.95.38.jpg
12740,#eddfd2,28.9,1811,American,The American Wing,"Watercolor, black chalk, and gum arabic on white wove paper",Watercolor,https://images.metmuseum.org/CRDImages/ad/web-large/DP-15095-001.jpg
12742,#292929,0.0,1811,American,The American Wing,Watercolor on white laid paper,Watercolor,https://images.metmuseum.org/CRDImages/ad/web-large/ap42.95.41.jpg
12744,#332e24,40.0,1811,American,The American Wing,Watercolor and pen and black ink on white laid paper,Watercolor,https://images.metmuseum.org/CRDImages/ad/web-large/DT1811.jpg
12746,#cec9bd,42.4,1811,American,The American Wing,Watercolor on white wove paper,Watercolor,https://images.metmuseum.org/CRDImages/ad/web-large/DT1802.jpg
12749,#e4d8c2,38.8,1811,American,The American Wing,"Watercolor, black ink, and graphite on white laid paper",Watercolor,https://images.metmuseum.org/CRDImages/ad/web-large/DP276569.jpg
13597,#a2a2a2,0.0,1811,American,The American Wing,"Linen and cotton, woven",Table cover,https://images.metmuseum.org/CRDImages/ad/web-large/37368.jpg
14299,#ebebeb,0.0,1811,American,The American Wing,Graphite on off-white Bristol board,Drawing,https://images.metmuseum.org/CRDImages/ad/web-large/ap1978.499.1 verso.jpg
7379,#9f9f9f,0.0,1812,American,The American Wing,Silver,Spoon,https://images.metmuseum.org/CRDImages/ad/web-large/97940.jpg
7566,#272420,34.3,1812,American,The American Wing,Silver,Box,https://images.metmuseum.org/CRDImages/ad/web-large/DP162502.jpg
12666,#ded2ad,45.3,1812,American,The American Wing,Oil on wood,Painting,https://images.metmuseum.org/CRDImages/ad/web-large/DP208350.jpg
12698,#eed5e1,331.2,1812,American,The American Wing,Oil on canvas,Painting,https://images.metmuseum.org/CRDImages/ad/web-large/ap06.178.jpg
12818,#6d583f,32.6,1812,American,The American Wing,Watercolor on ivory,"Painting, miniature",https://images.metmuseum.org/CRDImages/ad/web-large/DP168949.jpg
29389,#2d241b,30.0,1812,Turkish,Arms and Armor,"Steel, wood, horn, silver, velvet, gold",Sword (Yatagan) with scabbard,https://images.metmuseum.org/CRDImages/aa/web-large/DP-41987-001.jpg
2551,#a5a5a5,0.0,1813,French,The American Wing,Porcelain,Urn,https://images.metmuseum.org/CRDImages/ad/web-large/262728.jpg
12699,#020608,200.0,1813,American,The American Wing,Oil on wood,Painting,https://images.metmuseum.org/CRDImages/ad/web-large/DT219411.jpg
14316,#d7d7d7,0.0,1813,American,The American Wing,Watercolor on ivory,"Painting, miniature",https://images.metmuseum.org/CRDImages/ad/web-large/APS6679.jpg
353,#e5e5e5,0.0,1815,American,The American Wing,Mahogany,Basin Stand,https://images.metmuseum.org/CRDImages/ad/web-large/35728.jpg
477,#c6c6c6,0.0,1815,,The American Wing,Plaster,Bust,https://images.metmuseum.org/CRDImages/ad/web-large/103157.jpg
6358,#b4b2ad,42.9,1815,French,The American Wing,Porcelain,Plate,https://images.metmuseum.org/CRDImages/ad/web-large/DP260335.jpg
6367,#b4b2ad,42.9,1815,French,The American Wing,Porcelain,Plate,https://images.metmuseum.org/CRDImages/ad/web-large/DP260335.jpg
7051,#0a312d,173.8,1815,American,The American Wing,Blown-molded glass,Salt,https://images.metmuseum.org/CRDImages/ad/web-large/DP206766.jpg
7206,#11192d,222.9,1815,British (American market),The American Wing,"Earthenware, transfer-printed",Sauceboat,https://images.metmuseum.org/CRDImages/ad/web-large/LC-12_21_2-001.jpg
7210,#575656,0.0,1815,French,The American Wing,Porcelain,Sauceboat,https://images.metmuseum.org/CRDImages/ad/web-large/DP260349.jpg
7648,#626261,60.0,1815,French,The American Wing,Porcelain,Soup dish,https://images.metmuseum.org/CRDImages/ad/web-large/DP260336.jpg
12884,#7d8790,208.4,1815,American,The American Wing,Watercolor on ivory,"Painting, miniature",https://images.metmuseum.org/CRDImages/ad/web-large/ap44.65.jpg
1923,#9a9a9a,0.0,1816,American,The American Wing,Pewter,Chalice,https://images.metmuseum.org/CRDImages/ad/web-large/127252.jpg
12681,#000003,240.0,1816,American,The American Wing,Oil on canvas,Painting,https://images.metmuseum.org/CRDImages/ad/web-large/DT240957.jpg
773,#a3a3a3,0.0,1817,,The American Wing,Burlwood,Bowl,https://images.metmuseum.org/CRDImages/ad/web-large/196887.jpg
7512,#e4e4e4,0.0,1817,American or British,The American Wing,Free-blown lead glass,Sillabub cup,https://images.metmuseum.org/CRDImages/ad/web-large/23002.jpg
14067,#dcdcdc,0.0,1817,American,The American Wing,Embroidered silk and cotton on cotton,Sampler,https://images.metmuseum.org/CRDImages/ad/web-large/164846.jpg
6517,#9b9b9b,0.0,1818,British (American market),The American Wing,"Earthenware, transfer-printed",Platter,https://images.metmuseum.org/CRDImages/ad/web-large/24564.jpg
13093,#5b4217,37.9,1819,American,The American Wing,Oil on canvas,Painting,https://images.metmuseum.org/CRDImages/ad/web-large/DT233622.jpg
14071,#321c11,20.0,1819,American,The American Wing,Silk embroidery on linen,Sampler,https://images.metmuseum.org/CRDImages/ad/web-large/AR297.jpg
289,#2a2408,49.4,1820,,The American Wing,Gilt brass,Furniture hardware,https://images.metmuseum.org/CRDImages/ad/web-large/ADA6275.jpg
295,#f9e1ae,40.8,1820,,The American Wing,Gilt brass,Furniture hardware,https://images.metmuseum.org/CRDImages/ad/web-large/ADA2737.jpg
597,#6b2f1c,14.4,1820,American,The American Wing,Earthenware,Bottle,https://images.metmuseum.org/CRDImages/ad/web-large/DP208832.jpg
603,#3f1b0b,18.5,1820,American,The American Wing,Blown pattern-molded glass,Bottle,https://images.metmuseum.org/CRDImages/ad/web-large/DP242979.jpg
604,#aaa220,56.5,1820,American,The American Wing,Blown pattern-molded glass,Bottle,https://images.metmuseum.org/CRDImages/ad/web-large/DP242973.jpg
6603,#dddddd,0.0,1820,American,The American Wing,Blown pattern-molded glass,Pocket flask,https://images.metmuseum.org/CRDImages/ad/web-large/126492.jpg
6871,#512b17,20.7,1820,"American, Shaker",The American Wing,"Maple, birch",Rocking chair,https://images.metmuseum.org/CRDImages/ad/web-large/DP263983.jpg
528,#ecccad,29.5,1822,American,The American Wing,Ink and watercolor on paper,"Birth and baptismal certificate, Fraktur",https://images.metmuseum.org/CRDImages/ad/web-large/DP255525.jpg
6951,#9e9e9e,0.0,1822,American,The American Wing,Silver,Salt Shovel,https://images.metmuseum.org/CRDImages/ad/web-large/97943.jpg
7562,#34231b,19.2,1822,American,The American Wing,"Silver, shell",Box,https://images.metmuseum.org/CRDImages/ad/web-large/DP162506.jpg
13096,#081116,201.4,1823,American,The American Wing,Oil on wood,Painting,https://images.metmuseum.org/CRDImages/ad/web-large/ap23.80.80.jpg
14076,#dcdcdc,0.0,1823,American,The American Wing,Silk embroidered with silk,Sampler,https://images.metmuseum.org/CRDImages/ad/web-large/165394.jpg
14102,#3e1007,9.8,1823,,European Sculpture and Decorative Arts,Embroidered silk on wool,Sampler,https://images.metmuseum.org/CRDImages/es/web-large/AR384.jpg
6778,#2e291d,42.4,1824,American,The American Wing,Silver,Vase,https://images.metmuseum.org/CRDImages/ad/web-large/DT8799.jpg
7548,#3b231a,16.4,1824,American,The American Wing,Earthenware; Redware with incised decoration,Slip cup,https://images.metmuseum.org/CRDImages/ad/web-large/DP207693.jpg
602,#545f6d,213.6,1825,Chinese,The American Wing,Porcelain,Bottle,https://images.metmuseum.org/CRDImages/ad/web-large/DP-16170-019.jpg
628,#cdced0,220.0,1825,American,The American Wing,Blown-molded glass,Bottle,https://images.metmuseum.org/CRDImages/ad/web-large/DP206703.jpg
711,#d2d2d2,0.0,1825,American,The American Wing,Free-blown glass,Bowl,https://images.metmuseum.org/CRDImages/ad/web-large/134117.jpg
2484,#d2d4d7,216.0,1825,American,The American Wing,Blown-molded glass,Sugar bowl,https://images.metmuseum.org/CRDImages/ad/web-large/DP206723.jpg
6837,#d6d6d6,0.0,1825,,The American Wing,"Paper, mica, wire",Sconce,https://images.metmuseum.org/CRDImages/ad/web-large/148516.jpg
7398,#3e281a,23.3,1825,American,The American Wing,Wood,Settee,https://images.metmuseum.org/CRDImages/ad/web-large/DT11190.jpg
14084,#ebe1be,46.7,1826,American,The American Wing,Silk embroidery on linen,Sampler,https://images.metmuseum.org/CRDImages/ad/web-large/DP-40069-001.jpg
2521,#d7d7d7,0.0,1827,American,The American Wing,Silver,Sugar Bowl,https://images.metmuseum.org/CRDImages/ad/web-large/190504.jpg
7035,#d1d1d1,0.0,1827,American,The American Wing,Lacy pressed blue opaque glass,Salt,https://images.metmuseum.org/CRDImages/ad/web-large/153477.jpg
7409,#29240c,49.7,1827,Mexican,The American Wing,"Earthenware, lead-glazed",Platter,https://images.metmuseum.org/CRDImages/ad/web-large/DP251428.jpg
12656,#0f0f0f,0.0,1827,American,The American Wing,Watercolor on ivory,"Painting, miniature",https://images.metmuseum.org/CRDImages/ad/web-large/ap17.134.5.jpg
12657,#181818,0.0,1827,American,The American Wing,Watercolor on ivory,"Painting, miniature",https://images.metmuseum.org/CRDImages/ad/web-large/ap17.134.6.jpg
12971,#242424,0.0,1827,American,The American Wing,Watercolor on ivory,"Painting, miniature",https://images.metmuseum.org/CRDImages/ad/web-large/ap35.114.jpg
13049,#533438,352.3,1827,American,The American Wing,Oil on canvas,Painting,https://images.metmuseum.org/CRDImages/ad/web-large/ap02.25.jpg
13601,#cccccc,0.0,1827,American,The American Wing,"Wool and cotton, woven",Coverlet,https://images.metmuseum.org/CRDImages/ad/web-large/140374.jpg
13641,#0e0905,26.7,1828,American,The American Wing,"Cotton and wool, woven",Coverlet,https://images.metmuseum.org/CRDImages/ad/web-large/DT5087.jpg
7072,#060403,20.0,1829,American,The American Wing,Pressed glass,Salt,https://images.metmuseum.org/CRDImages/ad/web-large/ADA5087.jpg
284,#999999,0.0,1830,American,The American Wing,Parian porcelain,Figure,https://images.metmuseum.org/CRDImages/ad/web-large/140906.jpg
952,#989898,0.0,1830,American,The American Wing,Parian porcelain,Box cover,https://images.metmuseum.org/CRDImages/ad/web-large/140862.jpg
1241,#e2e6e9,205.7,1830,American,The American Wing,Blown glass,Candlestick,https://images.metmuseum.org/CRDImages/ad/web-large/DP207287.jpg
7744,#ded3cf,16.0,1830,American,The American Wing,Parian porcelain,Spill vase,https://images.metmuseum.org/CRDImages/ad/web-large/DP265346.jpg
14094,#241407,26.9,1830,American,The American Wing,Silk embroidery on linen,Sampler,https://images.metmuseum.org/CRDImages/ad/web-large/DT247962.jpg
766,#969696,0.0,1832,American,The American Wing,Lacy pressed glass,Bowl,https://images.metmuseum.org/CRDImages/ad/web-large/153453.jpg
1326,#eaeaea,0.0,1832,American,The American Wing,Pewter,Candlestick,https://images.metmuseum.org/CRDImages/ad/web-large/174931.jpg
13101,#1c1c1c,0.0,1832,American,The American Wing,Oil on wood,Painting,https://images.metmuseum.org/CRDImages/ad/web-large/ap1973.123.jpg
13373,#cdd7e0,208.4,1832,American,The American Wing,Pressed glass,Cup plate,https://images.metmuseum.org/CRDImages/ad/web-large/DP207341.jpg
14195,#171c30,228.0,1833,American,The American Wing,"Cotton and wool warp and weft, woven",Coverlet,https://images.metmuseum.org/CRDImages/ad/web-large/DT6168.jpg
13298,#f7efde,40.8,1834,American,The American Wing,Conté crayon and white chalk on brown wove paper,Drawing,https://images.metmuseum.org/CRDImages/ad/web-large/DP279139.jpg
465,#c6c3b2,51.0,1835,British (American market),The American Wing,"Earthenware, transfer-printed",Figure,https://images.metmuseum.org/CRDImages/ad/web-large/DP248287.jpg
747,#999999,0.0,1835,,The American Wing,Lacy pressed glass,Bowl,https://images.metmuseum.org/CRDImages/ad/web-large/153240.jpg
752,#9e9e9e,0.0,1835,American,The American Wing,Lacy pressed glass,Bowl,https://images.metmuseum.org/CRDImages/ad/web-large/153266.jpg
757,#e2e4e6,210.0,1835,American,The American Wing,Pressed glass,Bowl,https://images.metmuseum.org/CRDImages/ad/web-large/DP207355.jpg
768,#9e9e9e,0.0,1835,American,The American Wing,Lacy pressed glass,Bowl,https://images.metmuseum.org/CRDImages/ad/web-large/153463.jpg
1219,#a6a6a6,0.0,1835,American,The American Wing,Pressed amethyst glass,Candlestick,https://images.metmuseum.org/CRDImages/ad/web-large/174477.jpg
7014,#a1a1a1,0.0,1835,American,The American Wing,Lacy pressed glass,Salt,https://images.metmuseum.org/CRDImages/ad/web-large/153393.jpg
12952,#d9d9d9,0.0,1835,American,The American Wing,Graphite on paper,Drawing,https://images.metmuseum.org/CRDImages/ad/web-large/L.1994.29.2.jpg
13064,#b2b2b2,0.0,1836,American,The American Wing,Graphite on light brown wove paper,Drawing,https://images.metmuseum.org/CRDImages/ad/web-large/201750.jpg
13073,#cacaca,0.0,1836,American,The American Wing,Chalk on dark brown wove paper,Drawing,https://images.metmuseum.org/CRDImages/ad/web-large/ap55.50.3.jpg
786,#e1e2e4,220.0,1837,American,The American Wing,Pressed glass,Bowl,https://images.metmuseum.org/CRDImages/ad/web-large/DP207362.jpg
1312,#a4a4a4,0.0,1837,American,The American Wing,Pewter,Candlestick,https://images.metmuseum.org/CRDImages/ad/web-large/122977.jpg
13638,#f5edd6,44.5,1837,American,The American Wing,"Wool and cotton, woven",Coverlet,https://images.metmuseum.org/CRDImages/ad/web-large/TP563.jpg
13640,#420b08,3.1,1837,American,The American Wing,"Wool, woven",Coverlet,https://images.metmuseum.org/CRDImages/ad/web-large/DT5097.jpg
12583,#d8d8d8,0.0,1838,American,The American Wing,Graphite on off-white wove paper,Drawing,https://images.metmuseum.org/CRDImages/ad/web-large/ap11.114.3.jpg
12707,#000100,120.0,1839,American,The American Wing,Oil on canvas,Painting,https://images.metmuseum.org/CRDImages/ad/web-large/DT5420.jpg
326,#06332e,173.3,1840,American,The American Wing,Free-blown molded aquamarine glass,Bottle,https://images.metmuseum.org/CRDImages/ad/web-large/DP242978.jpg
12870,#9a9a9a,0.0,1840,American,The American Wing,Oil on canvas,Painting,https://images.metmuseum.org/CRDImages/ad/web-large/ap56.108.2.jpg
12903,#a0a0a0,0.0,1840,American,The American Wing,Oil on canvas,Painting,https://images.metmuseum.org/CRDImages/ad/web-large/162278.jpg
14170,#971c02,10.5,1840,American,The American Wing,"Painted cotton and velvet, stencilled",Theorem painting,https://images.metmuseum.org/CRDImages/ad/web-large/TP594.jpg
7603,#35180a,19.5,1841,American or French,The American Wing,"Applewood or pearwood, ebonized walnut, beech",Sofa,https://images.metmuseum.org/CRDImages/ad/web-large/ADA3269.jpg
13394,#7d8790,208.4,1843,American,The American Wing,Watercolor on ivory,"Painting, miniature",https://images.metmuseum.org/CRDImages/ad/web-large/ap1990.21.2.jpg
795,#afafaf,0.0,1844,American,The American Wing,Silver,Bowl,https://images.metmuseum.org/CRDImages/ad/web-large/DP108065.jpg
12532,#7d8790,208.4,1845,American,The American Wing,Watercolor on ivory,"Painting, miniature",https://images.metmuseum.org/CRDImages/ad/web-large/ap51.142.jpg
12989,#2b2b2b,0.0,1845,American,The American Wing,Watercolor on ivory,"Painting, miniature",https://images.metmuseum.org/CRDImages/ad/web-large/ap63.182.2.jpg
348,#68410c,34.6,1846,American,The American Wing,Mottled brown earthenware,Basin,https://images.metmuseum.org/CRDImages/ad/web-large/DP252557.jpg
231,#2e1914,11.5,1847,American,The American Wing,Mahogany,Armchair,https://images.metmuseum.org/CRDImages/ad/web-large/DP-20193-002.jpg
512,#ece8e2,36.0,1847,British,The American Wing,Paper with composition covers,Bible,https://images.metmuseum.org/CRDImages/ad/web-large/ADA6298.jpg
12904,#322e22,45.0,1847,American,The American Wing,Oil on canvas,Painting,https://images.metmuseum.org/CRDImages/ad/web-large/ap1973.323.1.jpg
12939,#9e9e9e,0.0,1847,American,The American Wing,Oil on wood,Painting,https://images.metmuseum.org/CRDImages/ad/web-large/ap63.138.3.jpg
14265,#262016,37.5,1847,American,The American Wing,Oil on canvas,Painting,https://images.metmuseum.org/CRDImages/ad/web-large/DP-25702-001.jpg
14679,#3d2713,28.6,1848,American,The American Wing,Bronze,Medal,https://images.metmuseum.org/CRDImages/ad/web-large/AW_09_164_2-001.jpg
555,#352217,22.0,1849,American,The American Wing,Mottled brown earthenware,Flask,https://images.metmuseum.org/CRDImages/ad/web-large/DP253042.jpg
646,#68400e,33.3,1849,American,The American Wing,Mottled brown earthenware,Bottle,https://images.metmuseum.org/CRDImages/ad/web-large/DP252536.jpg
13043,#292e33,210.0,1849,American,The American Wing,Oil on canvas,Painting,https://images.metmuseum.org/CRDImages/ad/web-large/ap24.186.jpg
13451,#2e1b0d,25.5,1849,American,The American Wing,Plaster and wood,Architectural elements,https://images.metmuseum.org/CRDImages/ad/web-large/DP253457.jpg
41,#9a9a9a,0.0,1850,American,The American Wing,Pressed glass,Ale glass,https://images.metmuseum.org/CRDImages/ad/web-large/187154.jpg
728,#cccccc,0.0,1850,American,The American Wing,Pressed glass,Bowl,https://images.metmuseum.org/CRDImages/ad/web-large/174195.jpg
6912,#dedede,0.0,1850,American,The American Wing,Pressed glass,Rummer tumbler,https://images.metmuseum.org/CRDImages/ad/web-large/DP235390.jpg
7361,#a8a2b2,262.5,1850,American,The American Wing,"Free-blown colorless and opaque white, blue and red glass",Seal,https://images.metmuseum.org/CRDImages/ad/web-large/ADA5419.jpg
29259,#3b2616,25.9,1850,Moroccan,Arms and Armor,"Iron alloy, gold",Spurs,https://images.metmuseum.org/CRDImages/aa/web-large/LC-42_50_353_354-002.jpg
521,#d9d9d9,0.0,1852,American,The American Wing,Parian porcelain,Figure,https://images.metmuseum.org/CRDImages/ad/web-large/140877.jpg
13177,#cac0b1,36.0,1852,American,The American Wing,Pastel and graphite on paper,Drawing,https://images.metmuseum.org/CRDImages/ad/web-large/ap1980.512.1.jpg
13092,#131517,210.0,1854,American,The American Wing,Oil on wood,"Painting, miniature",https://images.metmuseum.org/CRDImages/ad/web-large/ap38.146.5.jpg
13240,#c6c6c6,0.0,1854,American,The American Wing,Graphite on off-white wove paper,Drawing,https://images.metmuseum.org/CRDImages/ad/web-large/193288.jpg
13253,#dddddd,0.0,1854,American,The American Wing,Black ink on off-white wove paper,Drawing,https://images.metmuseum.org/CRDImages/ad/web-large/199560.jpg
13255,#aaaaaa,0.0,1854,American,The American Wing,Pen and iron-gall ink on off-white wove paper,Drawing,https://images.metmuseum.org/CRDImages/ad/web-large/193286.jpg
13257,#dddddd,0.0,1854,American,The American Wing,Black ink and graphite on off-white wove paper,Drawing,https://images.metmuseum.org/CRDImages/ad/web-large/199560.jpg
13260,#adadad,0.0,1854,American,The American Wing,Black ink and graphite on buff wove paper,Drawing,https://images.metmuseum.org/CRDImages/ad/web-large/193274.jpg
13403,#e5e5e5,0.0,1854,American,The American Wing,Britannia metal,Coffeepot,https://images.metmuseum.org/CRDImages/ad/web-large/249711.jpg
29265,#3a2e24,27.3,1855,American,Arms and Armor,"Copper alloy, silver, iron",Spurs,https://images.metmuseum.org/CRDImages/aa/web-large/LC-42_50_367_368-001.jpg
14547,#35322c,40.0,1856,American,The American Wing,White metal,Medal,https://images.metmuseum.org/CRDImages/ad/web-large/AW_07_251_96a-001.jpg
350,#dbd5ca,38.8,1857,British (American market),The American Wing,Earthenware,Basin,https://images.metmuseum.org/CRDImages/ad/web-large/ADA5269.jpg
1872,#a0a0a0,0.0,1857,American,The American Wing,"Maple, pine",Side Chair,https://images.metmuseum.org/CRDImages/ad/web-large/189233.jpg
7145,#dfdfde,60.0,1857,American,The American Wing,Blown glass,Sauce dish,https://images.metmuseum.org/CRDImages/ad/web-large/DP234605.jpg
7552,#d4e2f7,216.0,1857,American,The American Wing,"Maple, brass",Slipper chair,https://images.metmuseum.org/CRDImages/ad/web-large/ADA4724.jpg
13381,#a5a5a5,0.0,1859,American,The American Wing,Watercolor and gouache on off-white wove paper,Watercolor,https://images.metmuseum.org/CRDImages/ad/web-large/ap1989.257.jpg
29423,#352a1e,31.3,1859,Japanese,Arms and Armor,"Gold, silver, copper, copper-gold alloy (shakudō)",Pair of sword-grip ornaments (Menuki),https://images.metmuseum.org/CRDImages/aa/web-large/LC-38_55_2a_b-001.jpg
630,#ebebeb,0.0,1860,American,The American Wing,Free-blown molded amber glass,Bottle,https://images.metmuseum.org/CRDImages/ad/web-large/8078.jpg
7310,#686868,0.0,1860,"Chinese, for American market",The American Wing,Porcelain,Saucer,https://images.metmuseum.org/CRDImages/ad/web-large/171512.jpg
12650,#0d0d0d,0.0,1860,American,The American Wing,Marble,Sculpture,https://images.metmuseum.org/CRDImages/ad/web-large/1979.266.jpg
14452,#d8d8d8,0.0,1860,American,The American Wing,Graphite on paper,Drawing,https://images.metmuseum.org/CRDImages/ad/web-large/ap1992.136.1.jpg
14454,#dcdcdc,0.0,1860,American,The American Wing,Graphite on paper,Drawing,https://images.metmuseum.org/CRDImages/ad/web-large/ap1992.136.3.jpg
14456,#e2e2e2,0.0,1860,American,The American Wing,Graphite on paper,Drawing,https://images.metmuseum.org/CRDImages/ad/web-large/ap1992.136.5.jpg
13548,#d9d9d9,0.0,1861,American,The American Wing,Graphite on off-white Bristol board,Drawing,https://images.metmuseum.org/CRDImages/ad/web-large/ap65.280.9.jpg
12955,#252525,0.0,1863,American,The American Wing,Graphite on green wove paper,Drawing,https://images.metmuseum.org/CRDImages/ad/web-large/ap1993.527.jpg
14478,#412b1a,26.2,1864,American,The American Wing,Oil on canvas,Painting,https://images.metmuseum.org/CRDImages/ad/web-large/DP105669.jpg
14609,#492913,24.4,1864,American,The American Wing,Bronze,Medal,https://images.metmuseum.org/CRDImages/ad/web-large/AW_07_228_20-002.jpg
12537,#e0e0e0,0.0,1865,American,The American Wing,"White pine, painted",Sculpture,https://images.metmuseum.org/CRDImages/ad/web-large/97323.jpg
12951,#604512,39.2,1867,American,The American Wing,Copper and gold leaf,Medal,https://images.metmuseum.org/CRDImages/ad/web-large/AW_92_10_99a.jpg
12394,#dbdbdb,0.0,1868,American,The American Wing,Watercolor on white wove paper,Watercolor,https://images.metmuseum.org/CRDImages/ad/web-large/219000.jpg
12461,#e2e2e2,0.0,1868,American,The American Wing,Watercolor and graphite on off-white wove paper,Watercolor,https://images.metmuseum.org/CRDImages/ad/web-large/ap50.130.82h.jpg
955,#a1a1a1,0.0,1869,American,The American Wing,"Graphite, white gouache, on blue paper",Drawing,https://images.metmuseum.org/CRDImages/ad/web-large/257740.jpg
1009,#dbdbdb,0.0,1870,,The American Wing,Pressed glass,Bread plate,https://images.metmuseum.org/CRDImages/ad/web-large/223429.jpg
6421,#86a038,75.0,1870,American,The American Wing,Pressed yellow glass,Plate,https://images.metmuseum.org/CRDImages/ad/web-large/DP239707.jpg
6431,#87a13c,75.4,1870,American,The American Wing,Pressed yellow glass,Plate,https://images.metmuseum.org/CRDImages/ad/web-large/DP239708.jpg
6439,#23151e,321.4,1870,American,The American Wing,Pressed purple marble glass,Plate,https://images.metmuseum.org/CRDImages/ad/web-large/DP238270.jpg
7338,#6e6e6e,0.0,1870,British (American Market),The American Wing,Cameo opaque white and yellow glass,Scent bottle,https://images.metmuseum.org/CRDImages/ad/web-large/178950.jpg
7339,#1b808f,187.8,1870,British (American Market),The American Wing,"Cameo opaque white and red glass, silver",Scent bottle,https://images.metmuseum.org/CRDImages/ad/web-large/DP-17728-009.jpg
13062,#382c22,27.3,1872,American,The American Wing,Oil on canvas,Painting,https://images.metmuseum.org/CRDImages/ad/web-large/ap58.28.jpg
7539,#000003,240.0,1873,American,The American Wing,Porcelain,Sleeve button,https://images.metmuseum.org/CRDImages/ad/web-large/ADA5685.jpg
13379,#a6a28a,51.4,1873,American,The American Wing,"Gouache, watercolor, and graphite on blue wove paper with colored fibers",Watercolor,https://images.metmuseum.org/CRDImages/ad/web-large/DT5579.jpg
13625,#d1d1d1,0.0,1873,American or British,The American Wing,"Cotton, woven",Quilt,https://images.metmuseum.org/CRDImages/ad/web-large/127315.jpg
14422,#5c5c5c,0.0,1874,American,The American Wing,Charcoal on off-white laid paper,Drawing,https://images.metmuseum.org/CRDImages/ad/web-large/ap1992.66.1.jpg
13557,#192237,222.0,1875,American,The American Wing,Lace,Lace Fragment,https://images.metmuseum.org/CRDImages/ad/web-large/DP4238.jpg
13558,#ad0407,358.9,1875,American,The American Wing,Silk and glass beads,Panel,https://images.metmuseum.org/CRDImages/ad/web-large/RT579.jpg
14277,#dfdfdf,0.0,1875,American,The American Wing,Pressed glass,Dessert dish,https://images.metmuseum.org/CRDImages/ad/web-large/254476.jpg
14208,#57676a,189.5,1876,American,The American Wing,Parian porcelain,Bust,https://images.metmuseum.org/CRDImages/ad/web-large/DP208152.jpg
232,#e1e1e1,0.0,1877,American,The American Wing,Cast iron,Armchair,https://images.metmuseum.org/CRDImages/ad/web-large/192570.jpg
13121,#3e0e10,357.5,1878,American,The American Wing,Oil on wood,Painting,https://images.metmuseum.org/CRDImages/ad/web-large/DP-19085-001.jpg
14267,#f0f0f0,0.0,1878,American,The American Wing,Pressed glass,Jar,https://images.metmuseum.org/CRDImages/ad/web-large/254641.jpg
14615,#5b3d20,29.5,1878,American,The American Wing,Bronze,Medal,https://images.metmuseum.org/CRDImages/ad/web-large/AW_07_288_26-001.jpg
12768,#606060,0.0,1879,American,The American Wing,Oil on canvas,Painting,https://images.metmuseum.org/CRDImages/ad/web-large/ap63.200.6.jpg
14207,#663f12,32.1,1879,American,The American Wing,Earthenware,Tile,https://images.metmuseum.org/CRDImages/ad/web-large/ADA6004.jpg
14696,#48290f,27.4,1879,American,The American Wing,"Brass, earthenware",Clock,https://images.metmuseum.org/CRDImages/ad/web-large/ADA6141.jpg
452,#a5a5a5,0.0,1880,,The American Wing,Pressed purple marble glass,Bellows,https://images.metmuseum.org/CRDImages/ad/web-large/182239.jpg
1257,#8d8d8d,0.0,1880,,The American Wing,Pressed purple marble glass,Candlestick,https://images.metmuseum.org/CRDImages/ad/web-large/182238.jpg
6432,#9e5a3e,17.5,1880,American,The American Wing,Blown amber glass with applied threaded decoration,Plate,https://images.metmuseum.org/CRDImages/ad/web-large/DP241067.jpg
6434,#7c2617,8.9,1880,American,The American Wing,Blown amber glass with applied threaded decoration,Plate,https://images.metmuseum.org/CRDImages/ad/web-large/DP241069.jpg
12643,#a6a6a6,0.0,1880,American,The American Wing,Oil on canvas,Painting,https://images.metmuseum.org/CRDImages/ad/web-large/13239.jpg
13245,#e9ebdf,70.0,1880,American,The American Wing,Watercolor and gouache on dark brown wove paper,Watercolor,https://images.metmuseum.org/CRDImages/ad/web-large/DT11607.jpg
13452,#2d230f,40.0,1880,American,The American Wing,Oil on canvas,Painting,https://images.metmuseum.org/CRDImages/ad/web-large/DT6474.jpg
14359,#e1ccb8,29.3,1880,American,The American Wing,Earthenware,Teapot,https://images.metmuseum.org/CRDImages/ad/web-large/ADA6052.jpg
567,#9c9c9c,0.0,1881,American,The American Wing,Earthenware,Tile,https://images.metmuseum.org/CRDImages/ad/web-large/196484.jpg
578,#e1e1e1,0.0,1881,American,The American Wing,Earthenware,Tile,https://images.metmuseum.org/CRDImages/ad/web-large/196990.jpg
14539,#3c2117,16.2,1881,American,The American Wing,Bronze,Medal,https://images.metmuseum.org/CRDImages/ad/web-large/AW_07_251_104-001.jpg
577,#131313,0.0,1882,American,The American Wing,Earthenware,Tile,https://images.metmuseum.org/CRDImages/ad/web-large/196989.jpg
6413,#51832a,93.7,1882,British,The American Wing,Blown satin green with white opaque glass,Plate,https://images.metmuseum.org/CRDImages/ad/web-large/DP240638.jpg
6892,#d3d3d3,0.0,1882,"British, probably",The American Wing,Blown satin red and green glass,Rose bowl,https://images.metmuseum.org/CRDImages/ad/web-large/174350.jpg
7366,#31261d,27.0,1882,American,The American Wing,"Ebonized cherry, mahogany, cedar, and brass",Secretary,https://images.metmuseum.org/CRDImages/ad/web-large/DP341692.jpg
12769,#5d4516,39.7,1882,American,The American Wing,Oil on academy board,Painting,https://images.metmuseum.org/CRDImages/ad/web-large/DP144804.jpg
12911,#74614d,30.8,1882,American,The American Wing,Oil on canvas,Painting,https://images.metmuseum.org/CRDImages/ad/web-large/ap1973.323.2.jpg
13138,#352f2a,27.3,1882,American,The American Wing,Bronze,Statuette,https://images.metmuseum.org/CRDImages/ad/web-large/DP-1074-001.jpg
13143,#dfd3bd,38.8,1882,American,The American Wing,Graphite with white highlights on paper,Drawing,https://images.metmuseum.org/CRDImages/ad/web-large/ap1983.181.jpg
14446,#423c2c,43.6,1882,American,The American Wing,Graphite on off-white wove paper,Drawing,https://images.metmuseum.org/CRDImages/ad/web-large/ap1992.161.jpg
14499,#845e3b,28.8,1882,American,The American Wing,Blown burmese glass,Vase,https://images.metmuseum.org/CRDImages/ad/web-large/ADA6083.jpg
13142,#c2c2c2,0.0,1883,American,The American Wing,Bronze,Medallion,https://images.metmuseum.org/CRDImages/ad/web-large/270536.jpg
2576,#3a3026,30.0,1885,American,The American Wing,Porcelain,Vegetable dish,https://images.metmuseum.org/CRDImages/ad/web-large/DP258778.jpg
6931,#352a1d,32.5,1885,American,The American Wing,Porcelain,Salad plate,https://images.metmuseum.org/CRDImages/ad/web-large/DP258774.jpg
6941,#352a1d,32.5,1885,American,The American Wing,Porcelain,Salad plate,https://images.metmuseum.org/CRDImages/ad/web-large/DP258774.jpg
7125,#33281c,31.3,1885,American,The American Wing,Porcelain,Sauce dish,https://images.metmuseum.org/CRDImages/ad/web-large/DP258764.jpg
7135,#33281c,31.3,1885,American,The American Wing,Porcelain,Sauce dish,https://images.metmuseum.org/CRDImages/ad/web-large/DP258764.jpg
7185,#707070,0.0,1885,American,The American Wing,Pressed yellow glass,Sauce dish,https://images.metmuseum.org/CRDImages/ad/web-large/181935.jpg
7187,#cbc7a3,54.0,1885,American,The American Wing,Pressed yellow glass,Sauce dish,https://images.metmuseum.org/CRDImages/ad/web-large/DP241463.jpg
7521,#9a9fa7,216.9,1885,American,The American Wing,Pressed colorless and opalescent glass,Dish,https://images.metmuseum.org/CRDImages/ad/web-large/DP241460.jpg
7855,#9e9e9e,0.0,1885,American,The American Wing,Pressed yellow glass,Spoon holder,https://images.metmuseum.org/CRDImages/ad/web-large/181912.jpg
12845,#607075,194.3,1886,American,The American Wing,Oil on canvas,Painting,https://images.metmuseum.org/CRDImages/ad/web-large/DP167062.jpg
6896,#daf7f4,173.8,1887,British,The American Wing,Blown satin glass,Rose bowl,https://images.metmuseum.org/CRDImages/ad/web-large/ES6955.jpg
7117,#a00935,342.5,1887,American,The American Wing,"Pressed colorless, cranberry and opalescent glass",Sauce dish,https://images.metmuseum.org/CRDImages/ad/web-large/DP241412.jpg
7179,#9a0b2c,346.2,1887,American,The American Wing,Pressed cranberry and opaque white glass,Sauce dish,https://images.metmuseum.org/CRDImages/ad/web-large/DP238671.jpg
12447,#3b2f25,27.3,1888,American,The American Wing,Oil on canvas,Painting,https://images.metmuseum.org/CRDImages/ad/web-large/DP161222.jpg
13183,#656152,47.4,1888,American,The American Wing,Oil on canvas,Painting,https://images.metmuseum.org/CRDImages/ad/web-large/ap88.7.jpg
1228,#d7d4cf,37.5,1889,American,The American Wing,White metal,Medal,https://images.metmuseum.org/CRDImages/ad/web-large/AW_07_251_29-001.jpg
6801,#dcdcdc,0.0,1890,American,The American Wing,Blown and cut glass,Punch bowl,https://images.metmuseum.org/CRDImages/ad/web-large/DP208137.jpg
7596,#9f9f9f,0.0,1890,American,The American Wing,Gouache and watercolor on off-white wove paper,Watercolor,https://images.metmuseum.org/CRDImages/ad/web-large/ap1997.183.jpg
12844,#d3c59d,44.4,1890,American,The American Wing,"Pastel on pumice paper, mounted on cardboard",Drawing,https://images.metmuseum.org/CRDImages/ad/web-large/DT203409.jpg
13007,#f3f3f3,0.0,1890,American,The American Wing,"Drawings in graphite on off-white wove paper, bound in a leather cover",Sketchbook,https://images.metmuseum.org/CRDImages/ad/web-large/268464.jpg
13159,#f4f4f4,0.0,1891,American,The American Wing,Bronze,Medallion,https://images.metmuseum.org/CRDImages/ad/web-large/270530.jpg
13589,#f1e9dd,36.0,1892,American,The American Wing,Charcoal and pastel on tan wove paper,Drawing,https://images.metmuseum.org/CRDImages/ad/web-large/DT3925.jpg
788,#1e3930,160.0,1894,American,The American Wing,"Porcelain, overglaze enamel decoration",Bowl,https://images.metmuseum.org/CRDImages/ad/web-large/DP235021.jpg
14669,#4a351b,33.2,1894,American,The American Wing,Bronze and gold leaf,Medal,https://images.metmuseum.org/CRDImages/ad/web-large/AW_09_43_8-001.jpg
12552,#213a45,198.3,1895,American,The American Wing,Oil on canvas,Painting,https://images.metmuseum.org/CRDImages/ad/web-large/DT2067.jpg
12773,#66563a,38.2,1897,American,The American Wing,Oil on wood,Painting,https://images.metmuseum.org/CRDImages/ad/web-large/DP159184.jpg
12789,#a59f8e,44.3,1900,American,The American Wing,Watercolor on ivory,"Painting, miniature",https://images.metmuseum.org/CRDImages/ad/web-large/DP168940.jpg
12484,#e4e4e4,0.0,1904,American,The American Wing,Graphite on paper,Drawing,https://images.metmuseum.org/CRDImages/ad/web-large/219358.jpg
12492,#dfdfdf,0.0,1904,American,The American Wing,Graphite on paper,Drawing,https://images.metmuseum.org/CRDImages/ad/web-large/219366.jpg
12495,#e0e0e0,0.0,1904,American,The American Wing,Graphite on paper,Drawing,https://images.metmuseum.org/CRDImages/ad/web-large/219369.jpg
12501,#dddddd,0.0,1904,American,The American Wing,Graphite on paper,Drawing,https://images.metmuseum.org/CRDImages/ad/web-large/219416.jpg
12508,#e2e2e2,0.0,1904,American,The American Wing,Graphite on paper,Drawing,https://images.metmuseum.org/CRDImages/ad/web-large/219408.jpg
12513,#b1b1b1,0.0,1904,American,The American Wing,Graphite on paper,Drawing,https://images.metmuseum.org/CRDImages/ad/web-large/265767.jpg
13595,#999999,0.0,1904,Paraguayan,The American Wing,Cotton (?) lace,Collar,https://images.metmuseum.org/CRDImages/ad/web-large/157682.jpg
12440,#cdc6a4,49.8,1918,American,The American Wing,"Watercolor, gouache, and graphite on white wove paper",Watercolor,https://images.metmuseum.org/CRDImages/ad/web-large/APS153_50.130.58.jpg
12468,#363020,43.6,1918,American,The American Wing,"Watercolor, graphite, and wax on white wove paper",Watercolor,https://images.metmuseum.org/CRDImages/ad/web-large/50.130.56.jpg
