iso_a3,location_name,year,incidence,incidence_upper,incidence_lower
AFG,Afghanistan,2000,1203.688633,1467.786069,964.89431
AFG,Afghanistan,2005,1386.494851,1710.060563,1107.583591
AFG,Afghanistan,2010,1541.558534,1855.53909,1218.134182
AFG,Afghanistan,2015,1762.724804,2193.4768,1402.85516
AFG,Afghanistan,2020,2003.181181,2432.147087,1593.759976
AFG,Afghanistan,2021,2051.829293,2497.27243,1648.887406
ALB,Albania,2000,0.441204148,0.548693684,0.348368773
ALB,Albania,2005,0.340206013,0.424827235,0.268482543
ALB,Albania,2010,0.313348577,0.394984489,0.24730598
ALB,Albania,2015,0.290066661,0.364831728,0.228468479
ALB,Albania,2020,0.269507263,0.344157792,0.214383078
ALB,Albania,2021,0.266853253,0.339483424,0.211595021
DZA,Algeria,2000,162.859536,187.7255003,138.895434
DZA,Algeria,2005,178.5399765,209.1504517,150.5736665
DZA,Algeria,2010,201.1411361,235.0643627,169.1629955
DZA,Algeria,2015,209.1822472,241.847186,178.0364366
DZA,Algeria,2020,200.7275803,234.9515082,171.0304684
DZA,Algeria,2021,198.6380152,233.2422111,171.5159635
ASM,American Samoa,2000,0.000789269,0.001763506,0.000257052
ASM,American Samoa,2005,0.000692495,0.001540897,0.00022482
ASM,American Samoa,2010,0.000585616,0.001296573,0.000189185
ASM,American Samoa,2015,0.000514822,0.001148527,0.000162548
ASM,American Samoa,2020,0.000503356,0.001106664,0.000155037
ASM,American Samoa,2021,0.000486948,0.001096532,0.000155687
AND,Andorra,2000,0.139669291,0.176415296,0.108827496
AND,Andorra,2005,0.162623132,0.206896004,0.125371253
AND,Andorra,2010,0.157201177,0.200127935,0.122741488
AND,Andorra,2015,0.125156566,0.157820775,0.096098139
AND,Andorra,2020,0.118610729,0.151203758,0.093017497
AND,Andorra,2021,0.117055983,0.149221803,0.091798268
AGO,Angola,2000,8932.359081,10685.57901,7440.893998
AGO,Angola,2005,10294.71979,12569.02311,8643.587734
AGO,Angola,2010,11615.32037,13987.97736,9703.851359
AGO,Angola,2015,12503.62537,14966.03818,10595.57783
AGO,Angola,2020,13510.77628,16142.20048,11200.18967
AGO,Angola,2021,13686.45416,16298.52571,11462.81215
ATG,Antigua and Barbuda,2000,2.337608217,3.034319626,1.746895688
ATG,Antigua and Barbuda,2005,2.114877049,2.756220463,1.545291215
ATG,Antigua and Barbuda,2010,1.883405775,2.398119601,1.363278858
ATG,Antigua and Barbuda,2015,1.724493624,2.294368878,1.313495245
ATG,Antigua and Barbuda,2020,1.7691344,2.293878248,1.33868701
ATG,Antigua and Barbuda,2021,1.732131607,2.330261152,1.289221038
ARG,Argentina,2000,2.546461393,3.555734987,1.819091399
ARG,Argentina,2005,2.625432385,3.79603228,1.834406493
ARG,Argentina,2010,2.826304239,4.191714066,1.971396765
ARG,Argentina,2015,2.779266556,3.959594005,1.993687167
ARG,Argentina,2020,2.57023401,3.597497685,1.807501592
ARG,Argentina,2021,2.51490319,3.55588159,1.772682772
ARM,Armenia,2000,0.031899364,0.064924624,0.011388872
ARM,Armenia,2005,0.032160757,0.065420319,0.011596617
ARM,Armenia,2010,0.035121058,0.070705523,0.012904266
ARM,Armenia,2015,0.033662361,0.067935472,0.012136467
ARM,Armenia,2020,0.026439764,0.054388795,0.009513889
ARM,Armenia,2021,0.02542258,0.052201473,0.009131381
AUS,Australia,2000,4.079353975,5.204339027,3.19419533
AUS,Australia,2005,4.329872762,5.670122485,3.444570602
AUS,Australia,2010,4.954018346,6.188753029,3.800621245
AUS,Australia,2015,5.118697512,6.562489618,3.958322459
AUS,Australia,2020,5.225223933,6.748284328,4.042723811
AUS,Australia,2021,5.281279461,6.827877658,4.176468032
AUT,Austria,2000,12.53621568,13.89807193,11.27504929
AUT,Austria,2005,12.59232413,13.79813499,11.29124103
AUT,Austria,2010,13.81312869,15.51543955,12.39403875
AUT,Austria,2015,17.1296725,19.08550964,15.01460173
AUT,Austria,2020,20.32106398,23.09922652,17.90715608
AUT,Austria,2021,20.56575784,23.37736616,18.12273236
AZE,Azerbaijan,2000,0.115209638,0.223369758,0.047494973
AZE,Azerbaijan,2005,0.125788914,0.244534241,0.0510349
AZE,Azerbaijan,2010,0.147170294,0.285511002,0.060772967
AZE,Azerbaijan,2015,0.138860982,0.270824738,0.057434011
AZE,Azerbaijan,2020,0.113671699,0.222194524,0.04729739
AZE,Azerbaijan,2021,0.108813601,0.21380397,0.045424657
BHS,Bahamas,2000,14.97688664,19.98283022,11.2013044
BHS,Bahamas,2005,15.88598133,21.10855109,11.76613206
BHS,Bahamas,2010,14.75237028,19.72366792,11.17858107
BHS,Bahamas,2015,13.20101855,17.44376909,9.693026432
BHS,Bahamas,2020,14.09634926,18.52739564,10.75336657
BHS,Bahamas,2021,13.80538167,17.84825394,10.65801539
BHR,Bahrain,2000,165.970724,197.9045509,136.823503
BHR,Bahrain,2005,185.6781833,217.7680448,155.5926704
BHR,Bahrain,2010,172.3015025,213.6884936,137.4518383
BHR,Bahrain,2015,156.2200055,191.4118903,126.8593446
BHR,Bahrain,2020,130.5534068,160.9991312,104.7433886
BHR,Bahrain,2021,125.6324535,156.2936266,101.1780941
BGD,Bangladesh,2000,59.1204709,77.17952388,44.12032133
BGD,Bangladesh,2005,55.93290003,74.10283761,40.81942483
BGD,Bangladesh,2010,50.17016459,67.60743039,36.03567131
BGD,Bangladesh,2015,47.95295911,64.5494823,36.29260787
BGD,Bangladesh,2020,44.28218332,59.22791413,31.90899282
BGD,Bangladesh,2021,44.09316222,58.06211024,32.39877284
BRB,Barbados,2000,6.595447431,8.491538838,4.842152867
BRB,Barbados,2005,6.011504532,8.005402975,4.466834559
BRB,Barbados,2010,5.634720075,7.268009665,4.28603949
BRB,Barbados,2015,5.138236243,6.820336317,3.807372673
BRB,Barbados,2020,5.53375867,6.989555573,4.279024876
BRB,Barbados,2021,5.452864397,7.074037923,3.867516831
BLR,Belarus,2000,0.112809603,0.183237181,0.063602481
BLR,Belarus,2005,0.114773332,0.18806882,0.061576682
BLR,Belarus,2010,0.134513102,0.218002929,0.072350325
BLR,Belarus,2015,0.144094574,0.236613794,0.077404362
BLR,Belarus,2020,0.119493443,0.197505136,0.064902822
BLR,Belarus,2021,0.115775543,0.191360304,0.062883008
BEL,Belgium,2000,15.37926001,19.31970094,11.9575408
BEL,Belgium,2005,16.04781742,20.10796361,12.58843522
BEL,Belgium,2010,17.05552327,21.08915938,13.51698344
BEL,Belgium,2015,15.36835316,18.66336137,11.73545102
BEL,Belgium,2020,15.40920449,19.36129544,11.73651487
BEL,Belgium,2021,15.3451987,19.45036939,11.6083491
BLZ,Belize,2000,16.43661302,20.68152432,12.56386565
BLZ,Belize,2005,17.97226447,22.2247783,13.94373546
BLZ,Belize,2010,18.42842354,23.19441319,13.84486743
BLZ,Belize,2015,19.06650065,23.57787057,14.75643506
BLZ,Belize,2020,23.16515981,29.23940156,17.32681336
BLZ,Belize,2021,23.28636131,29.30401525,17.37547454
BEN,Benin,2000,10580.80171,12253.46825,8773.040975
BEN,Benin,2005,12412.88887,14172.11701,10469.55339
BEN,Benin,2010,14371.31888,16743.83032,12445.70532
BEN,Benin,2015,12221.04215,14610.30842,10186.16902
BEN,Benin,2020,13178.897,15826.51546,10835.67306
BEN,Benin,2021,13441.53378,16145.78265,11051.16
BTN,Bhutan,2000,0.312565041,0.420375663,0.22759535
BTN,Bhutan,2005,0.283075184,0.37380078,0.208256942
BTN,Bhutan,2010,0.273345657,0.369700338,0.201268554
BTN,Bhutan,2015,0.255999741,0.339355873,0.188746788
BTN,Bhutan,2020,0.217379982,0.297560853,0.157803824
BTN,Bhutan,2021,0.211724145,0.292403299,0.157861812
BOL,Bolivia (Plurinational State of),2000,30.46654144,39.09312764,22.33769565
BOL,Bolivia (Plurinational State of),2005,31.27206092,41.79073584,22.97196931
BOL,Bolivia (Plurinational State of),2010,34.56558823,46.08143117,25.42785137
BOL,Bolivia (Plurinational State of),2015,37.73832262,49.42597269,27.37467736
BOL,Bolivia (Plurinational State of),2020,37.81346126,50.85941699,27.70157339
BOL,Bolivia (Plurinational State of),2021,37.87388985,50.96688415,27.75022584
BIH,Bosnia and Herzegovina,2000,0.074864289,0.108169816,0.052043943
BIH,Bosnia and Herzegovina,2005,0.068232541,0.099046835,0.046956954
BIH,Bosnia and Herzegovina,2010,0.061537551,0.088096802,0.041759434
BIH,Bosnia and Herzegovina,2015,0.054117851,0.078127061,0.037198244
BIH,Bosnia and Herzegovina,2020,0.046013079,0.066832648,0.031661636
BIH,Bosnia and Herzegovina,2021,0.044682947,0.064934175,0.030796216
BWA,Botswana,2000,19.60662446,23.21320842,16.30599672
BWA,Botswana,2005,20.28917587,24.40275861,16.88764971
BWA,Botswana,2010,21.14644238,25.01807549,17.85952823
BWA,Botswana,2015,21.32308381,25.13509438,18.01258819
BWA,Botswana,2020,20.87625909,24.99160741,17.41783281
BWA,Botswana,2021,20.78345656,24.96774036,17.33955994
BRA,Brazil,2000,707.1664303,786.2908849,623.9621747
BRA,Brazil,2005,712.8779248,793.4084671,630.8377043
BRA,Brazil,2010,718.2681689,802.9404648,627.582638
BRA,Brazil,2015,756.7642378,854.7831787,654.8183601
BRA,Brazil,2020,788.1813652,907.1137055,670.9584134
BRA,Brazil,2021,771.1963867,878.4575134,650.8260557
BRN,Brunei Darussalam,2000,0.038676561,0.050916439,0.027005076
BRN,Brunei Darussalam,2005,0.035699812,0.04693324,0.026604495
BRN,Brunei Darussalam,2010,0.034252002,0.045020067,0.024957439
BRN,Brunei Darussalam,2015,0.034738077,0.045714081,0.025743537
BRN,Brunei Darussalam,2020,0.034558751,0.045176318,0.025474727
BRN,Brunei Darussalam,2021,0.034296318,0.044970465,0.025340273
BGR,Bulgaria,2000,0.163352201,0.230180736,0.106094758
BGR,Bulgaria,2005,0.166892256,0.236391082,0.112329618
BGR,Bulgaria,2010,0.172045694,0.250294286,0.113617347
BGR,Bulgaria,2015,0.153287488,0.210785642,0.100664324
BGR,Bulgaria,2020,0.132351665,0.179041559,0.087402902
BGR,Bulgaria,2021,0.129580555,0.185416067,0.085403974
BFA,Burkina Faso,2000,18141.88255,19447.84941,16811.11034
BFA,Burkina Faso,2005,20757.83447,22488.41479,19150.27854
BFA,Burkina Faso,2010,21153.69484,23132.469,19312.23784
BFA,Burkina Faso,2015,24058.30443,26067.35928,22176.97246
BFA,Burkina Faso,2020,21734.02872,24672.62674,18695.87256
BFA,Burkina Faso,2021,21955.4279,25658.67446,18083.49391
BDI,Burundi,2000,187.5207022,233.7612475,154.0997537
BDI,Burundi,2005,219.9836215,271.6289784,175.0515729
BDI,Burundi,2010,243.8565741,305.9967076,198.8305283
BDI,Burundi,2015,266.4922784,328.4356909,216.7615797
BDI,Burundi,2020,307.310303,372.7803086,247.2243357
BDI,Burundi,2021,315.8482754,390.6459271,257.1510113
CPV,Cabo Verde,2000,14.85555448,18.09995445,12.29762904
CPV,Cabo Verde,2005,15.03697584,17.90750674,12.41821167
CPV,Cabo Verde,2010,14.51254159,17.54490039,11.74499223
CPV,Cabo Verde,2015,13.37651753,16.17989804,11.04143564
CPV,Cabo Verde,2020,12.57026493,15.17553744,10.02838773
CPV,Cabo Verde,2021,12.38777841,14.97503264,9.92112986
KHM,Cambodia,2000,1.064825403,1.466640738,0.689104829
KHM,Cambodia,2005,1.040192953,1.516773871,0.698924828
KHM,Cambodia,2010,1.059352942,1.452975019,0.722037566
KHM,Cambodia,2015,1.069824432,1.555428452,0.681879382
KHM,Cambodia,2020,1.06124242,1.459667744,0.706931411
KHM,Cambodia,2021,1.057350735,1.454315592,0.704338894
CMR,Cameroon,2000,5054.040879,5659.859307,4302.034853
CMR,Cameroon,2005,6175.910434,7124.052509,5231.897989
CMR,Cameroon,2010,6886.762879,7846.746446,5889.228788
CMR,Cameroon,2015,7153.148556,8077.205364,6105.110003
CMR,Cameroon,2020,7291.478629,8241.777457,6372.634064
CMR,Cameroon,2021,7311.986478,8266.748486,6390.607128
CAN,Canada,2000,5.615594757,7.005307994,4.46639613
CAN,Canada,2005,6.271351357,7.832355752,5.065757154
CAN,Canada,2010,7.136828132,9.003585753,5.498649232
CAN,Canada,2015,7.533652685,9.737196589,5.942121144
CAN,Canada,2020,3.069348314,3.921431999,2.36137854
CAN,Canada,2021,3.054991125,3.903127642,2.350342623
CAF,Central African Republic,2000,1416.032115,1681.490897,1189.019998
CAF,Central African Republic,2005,1568.781601,1833.060802,1324.769642
CAF,Central African Republic,2010,1723.13547,2032.246588,1466.938899
CAF,Central African Republic,2015,1688.015562,1994.953285,1429.141629
CAF,Central African Republic,2020,1772.648173,2090.125698,1513.54164
CAF,Central African Republic,2021,1788.367436,2109.066352,1526.573214
TCD,Chad,2000,940.176278,1060.758846,824.9782061
TCD,Chad,2005,1098.601841,1225.437906,952.9708211
TCD,Chad,2010,1270.204115,1441.617955,1109.128987
TCD,Chad,2015,1479.048378,1666.976963,1285.957165
TCD,Chad,2020,1736.203696,1945.890033,1506.181206
TCD,Chad,2021,1794.390137,2010.009737,1556.780147
CHL,Chile,2000,3.335911436,4.40335058,2.288377675
CHL,Chile,2005,4.575935742,5.724246431,3.51872615
CHL,Chile,2010,4.924766702,6.162425381,3.818187178
CHL,Chile,2015,4.746912592,5.931282028,3.619835574
CHL,Chile,2020,4.567752782,5.718840602,3.529155479
CHL,Chile,2021,4.487073906,5.50427308,3.499187748
CHN,China,2000,622.8927479,787.7736549,486.3850049
CHN,China,2005,528.2534722,665.6220507,415.4049538
CHN,China,2010,517.0541246,656.4998476,404.9917675
CHN,China,2015,623.4377547,786.0222291,489.3768284
CHN,China,2020,560.7600791,707.972551,440.0119611
CHN,China,2021,562.112778,712.0005098,440.952084
COL,Colombia,2000,55.83786652,70.60582762,41.3177705
COL,Colombia,2005,55.23542087,70.75825446,40.95893996
COL,Colombia,2010,50.92871816,66.27331642,38.41130591
COL,Colombia,2015,47.34450371,61.11614584,35.87541259
COL,Colombia,2020,48.33753933,62.92643234,37.04645944
COL,Colombia,2021,48.07646439,63.54032341,36.74493974
COM,Comoros,2000,1.323541054,1.852147927,0.993147676
COM,Comoros,2005,1.274253115,1.713783999,0.950370198
COM,Comoros,2010,1.205645606,1.649051778,0.909589574
COM,Comoros,2015,1.114960871,1.527382775,0.832907067
COM,Comoros,2020,1.068461125,1.488188737,0.779439177
COM,Comoros,2021,1.064382563,1.48001319,0.7966786
COG,Congo,2000,782.3829621,900.4345157,671.0423931
COG,Congo,2005,894.4883309,1017.68533,770.1406338
COG,Congo,2010,975.0709661,1122.88156,834.1424886
COG,Congo,2015,935.0983723,1060.815527,795.8707979
COG,Congo,2020,862.2752808,994.2675663,738.7182975
COG,Congo,2021,851.0836014,985.4632043,724.8208894
CRI,Costa Rica,2000,0.118174536,0.166935779,0.073453322
CRI,Costa Rica,2005,0.114690297,0.162230938,0.072821292
CRI,Costa Rica,2010,0.116876567,0.16677306,0.072563389
CRI,Costa Rica,2015,0.113050248,0.15955779,0.070357749
CRI,Costa Rica,2020,0.108795382,0.153253836,0.066666259
CRI,Costa Rica,2021,0.107170991,0.150880241,0.070047716
HRV,Croatia,2000,0.613160093,0.781184587,0.479729178
HRV,Croatia,2005,0.609505886,0.789268342,0.487473079
HRV,Croatia,2010,0.61678482,0.789811045,0.490895511
HRV,Croatia,2015,0.552992293,0.716595515,0.4382502
HRV,Croatia,2020,0.465307211,0.589118642,0.387059495
HRV,Croatia,2021,0.456368789,0.570683117,0.370562
CUB,Cuba,2000,91.22491643,107.0930157,76.23355029
CUB,Cuba,2005,76.41800199,90.44423862,62.90019114
CUB,Cuba,2010,85.1936427,101.0781186,70.55396911
CUB,Cuba,2015,79.60604199,94.94758793,67.01281217
CUB,Cuba,2020,100.1298811,124.8832846,80.34736165
CUB,Cuba,2021,96.85069063,119.0460879,77.80014693
CYP,Cyprus,2000,6.134867866,7.31081337,5.132770802
CYP,Cyprus,2005,6.607453324,7.875246056,5.565314119
CYP,Cyprus,2010,7.386453439,8.687323244,6.257594751
CYP,Cyprus,2015,7.97916023,9.34969255,6.690540277
CYP,Cyprus,2020,8.535936598,10.05369208,7.243012259
CYP,Cyprus,2021,8.652406236,10.23414405,7.256810001
CZE,Czechia,2000,0.05798439,0.117092802,0.024738226
CZE,Czechia,2005,0.067684864,0.135529298,0.029349458
CZE,Czechia,2010,0.072314492,0.145084883,0.031246203
CZE,Czechia,2015,0.072184033,0.145273106,0.02939411
CZE,Czechia,2020,0.068162272,0.13561871,0.027855912
CZE,Czechia,2021,0.068048198,0.13493351,0.029202224
CIV,Côte d'Ivoire,2000,5082.77948,5467.086174,4550.980479
CIV,Côte d'Ivoire,2005,5518.778561,6018.73132,4912.339218
CIV,Côte d'Ivoire,2010,5813.74934,6391.883311,5189.461652
CIV,Côte d'Ivoire,2015,5934.446969,6480.43994,5313.181202
CIV,Côte d'Ivoire,2020,6025.931599,6617.607331,5411.549539
CIV,Côte d'Ivoire,2021,6045.283701,6637.587001,5401.956854
PRK,Democratic People's Republic of Korea,2000,21.84955576,28.72456971,16.57566589
PRK,Democratic People's Republic of Korea,2005,17.48558058,22.12604497,12.9832735
PRK,Democratic People's Republic of Korea,2010,15.09044655,19.75894191,11.40094801
PRK,Democratic People's Republic of Korea,2015,13.50010479,17.71834833,10.42320566
PRK,Democratic People's Republic of Korea,2020,12.34273914,15.89459115,9.506288387
PRK,Democratic People's Republic of Korea,2021,12.14740099,15.61964988,9.357917302
COD,Democratic Republic of the Congo,2000,36866.3341,42496.01657,31969.54818
COD,Democratic Republic of the Congo,2005,41355.28679,47284.72472,35579.10947
COD,Democratic Republic of the Congo,2010,45464.9725,51044.66935,39693.89552
COD,Democratic Republic of the Congo,2015,46539.08105,52689.64241,39963.84178
COD,Democratic Republic of the Congo,2020,47309.66918,54120.762,40472.17488
COD,Democratic Republic of the Congo,2021,47364.20259,54183.17207,40515.34498
DNK,Denmark,2000,16.12749767,19.51817319,12.97824851
DNK,Denmark,2005,15.90848324,19.06348603,12.97840367
DNK,Denmark,2010,14.82225457,17.99368278,11.90585006
DNK,Denmark,2015,14.27351008,17.00238954,11.59723508
DNK,Denmark,2020,15.57891719,18.67843449,12.95653139
DNK,Denmark,2021,15.91537642,19.04081595,12.90590585
DJI,Djibouti,2000,6.176803715,7.917680594,4.703598692
DJI,Djibouti,2005,7.197108051,9.033462163,5.412489618
DJI,Djibouti,2010,8.132381657,10.27113485,5.93813848
DJI,Djibouti,2015,8.12233841,10.33153636,6.094521514
DJI,Djibouti,2020,7.807151227,9.858898746,5.816966491
DJI,Djibouti,2021,7.551828736,9.529466769,5.683264989
DMA,Dominica,2000,2.340562623,3.043757922,1.762939443
DMA,Dominica,2005,1.974034346,2.59054621,1.497565037
DMA,Dominica,2010,1.705075073,2.164385164,1.289952855
DMA,Dominica,2015,1.572328043,2.101320149,1.171194601
DMA,Dominica,2020,1.651582562,2.085911892,1.24996232
DMA,Dominica,2021,1.62820609,2.12973064,1.234223448
DOM,Dominican Republic,2000,892.1635121,1039.015674,730.4336315
DOM,Dominican Republic,2005,823.7956437,942.2289903,682.6377894
DOM,Dominican Republic,2010,821.1145538,953.8188217,671.0561769
DOM,Dominican Republic,2015,853.8657274,985.4448493,699.2736835
DOM,Dominican Republic,2020,928.3784132,1082.811847,767.264334
DOM,Dominican Republic,2021,926.7235811,1104.33335,770.8315632
ECU,Ecuador,2000,33.47425491,36.29282711,30.22455672
ECU,Ecuador,2005,32.3699583,35.6932632,29.4920013
ECU,Ecuador,2010,33.33849822,36.45027368,30.40467881
ECU,Ecuador,2015,34.78926376,38.01147312,31.87246504
ECU,Ecuador,2020,39.88026731,44.05399571,35.94832075
ECU,Ecuador,2021,40.18050763,44.49505526,36.23303309
EGY,Egypt,2000,2899.200657,3295.918334,2523.368014
EGY,Egypt,2005,3134.668447,3484.153525,2692.139791
EGY,Egypt,2010,3412.632427,3880.691373,2972.155963
EGY,Egypt,2015,3368.606387,3865.158006,2932.988723
EGY,Egypt,2020,3143.301761,3538.341767,2732.840783
EGY,Egypt,2021,3098.708751,3468.820242,2687.385764
SLV,El Salvador,2000,0.911234157,1.232181708,0.599761723
SLV,El Salvador,2005,0.745208405,1.056321493,0.498976845
SLV,El Salvador,2010,0.734664917,1.008041863,0.486678716
SLV,El Salvador,2015,0.734817643,0.999043098,0.48356233
SLV,El Salvador,2020,0.754769028,1.077780622,0.487876392
SLV,El Salvador,2021,0.7503124,1.025361761,0.490695156
GNQ,Equatorial Guinea,2000,663.3855408,794.4089079,557.6284981
GNQ,Equatorial Guinea,2005,730.8828067,872.5876414,602.0616829
GNQ,Equatorial Guinea,2010,773.8094519,937.3620089,637.9853184
GNQ,Equatorial Guinea,2015,779.3852131,935.8565721,640.9348438
GNQ,Equatorial Guinea,2020,796.9811722,957.6351061,659.1279177
GNQ,Equatorial Guinea,2021,800.5905611,961.992843,662.1139689
ERI,Eritrea,2000,41.48926338,52.8118087,30.71198516
ERI,Eritrea,2005,47.27522227,60.35251179,34.83735879
ERI,Eritrea,2010,49.83468588,63.55249186,38.10932101
ERI,Eritrea,2015,49.42270371,62.94362837,37.16668786
ERI,Eritrea,2020,50.4160708,64.2799396,38.44079247
ERI,Eritrea,2021,49.40037097,63.22725438,36.8554692
EST,Estonia,2000,0.015302471,0.02548199,0.008009146
EST,Estonia,2005,0.017612336,0.028862939,0.009755086
EST,Estonia,2010,0.018379676,0.030276317,0.010012686
EST,Estonia,2015,0.016823005,0.02778569,0.009241012
EST,Estonia,2020,0.015536037,0.025878809,0.008578031
EST,Estonia,2021,0.015398479,0.025648799,0.008501342
SWZ,Eswatini,2000,1.153428828,1.488752107,0.903973255
SWZ,Eswatini,2005,1.138286607,1.448983172,0.879839361
SWZ,Eswatini,2010,1.104515506,1.41364901,0.856697962
SWZ,Eswatini,2015,1.038926661,1.329821034,0.801162918
SWZ,Eswatini,2020,0.968795466,1.277984779,0.741723748
SWZ,Eswatini,2021,0.953488038,1.238068532,0.731835979
ETH,Ethiopia,2000,146.8094996,205.2524643,109.923184
ETH,Ethiopia,2005,155.6119015,218.7698851,114.6756988
ETH,Ethiopia,2010,163.2395731,227.5481463,122.0400837
ETH,Ethiopia,2015,172.1838218,240.9495037,127.09735
ETH,Ethiopia,2020,183.8640043,258.9787395,136.0210682
ETH,Ethiopia,2021,184.1061438,253.9471038,137.7985552
FJI,Fiji,2000,0.009337004,0.019296802,0.002818518
FJI,Fiji,2005,0.009611895,0.019864357,0.002901285
FJI,Fiji,2010,0.009956426,0.020576201,0.003005212
FJI,Fiji,2015,0.009472533,0.019830864,0.002895947
FJI,Fiji,2020,0.008848453,0.018286725,0.002670865
FJI,Fiji,2021,0.008710443,0.018001397,0.002629196
FIN,Finland,2000,12.72609367,15.31802365,10.46460362
FIN,Finland,2005,13.18532476,16.18615046,10.73417439
FIN,Finland,2010,13.59680529,16.39878187,10.94874837
FIN,Finland,2015,12.13861176,14.87986753,9.852234404
FIN,Finland,2020,10.75668649,13.25737616,8.711430792
FIN,Finland,2021,10.49790206,12.92248031,8.457954957
FRA,France,2000,450.4480302,531.2109694,383.9836893
FRA,France,2005,462.8365385,541.2243639,388.5552805
FRA,France,2010,470.2932975,551.2650464,397.394597
FRA,France,2015,402.499184,474.0922679,340.5267285
FRA,France,2020,379.3065294,448.9804831,316.203328
FRA,France,2021,373.6739299,442.3129641,311.5077908
GAB,Gabon,2000,438.5852758,527.4705623,350.6124465
GAB,Gabon,2005,440.5945937,539.6581353,354.2299524
GAB,Gabon,2010,430.2598376,527.9992251,354.3616174
GAB,Gabon,2015,416.2629108,499.5011296,340.0136926
GAB,Gabon,2020,411.3585052,492.8550671,336.434947
GAB,Gabon,2021,411.6140276,493.1844256,336.5509355
GMB,Gambia,2000,414.2074001,469.9903425,364.5600196
GMB,Gambia,2005,438.5844436,499.5239514,378.401473
GMB,Gambia,2010,437.4205051,497.9157958,385.0083439
GMB,Gambia,2015,442.9519308,507.2661252,393.1995828
GMB,Gambia,2020,441.7355491,499.6652573,377.0235502
GMB,Gambia,2021,443.190171,512.7357787,380.1889722
GEO,Georgia,2000,0.039117902,0.074646939,0.012619428
GEO,Georgia,2005,0.039842511,0.07483929,0.01267791
GEO,Georgia,2010,0.043822846,0.085658351,0.014142422
GEO,Georgia,2015,0.04270952,0.081827295,0.013697896
GEO,Georgia,2020,0.034687575,0.068085396,0.01153038
GEO,Georgia,2021,0.033558742,0.066284837,0.011128055
DEU,Germany,2000,98.19560543,115.068925,83.18071278
DEU,Germany,2005,88.38320533,104.248988,74.61915875
DEU,Germany,2010,86.92808528,101.3042666,73.88888158
DEU,Germany,2015,92.70325374,108.7448319,78.34813269
DEU,Germany,2020,97.28631815,111.3697286,81.65065569
DEU,Germany,2021,98.42328527,112.6714531,82.60493821
GHA,Ghana,2000,11892.25255,12602.39346,11113.11108
GHA,Ghana,2005,13147.62078,13967.32059,12232.30312
GHA,Ghana,2010,13968.23637,14818.82319,13042.15745
GHA,Ghana,2015,14242.93698,15095.62054,13260.05142
GHA,Ghana,2020,15131.89069,16214.4566,14105.86469
GHA,Ghana,2021,13682.17065,15588.05345,12063.16931
GRC,Greece,2000,96.68368989,119.8714565,79.42224689
GRC,Greece,2005,99.6976172,119.9041077,83.81138285
GRC,Greece,2010,100.3947766,121.8190914,81.13596758
GRC,Greece,2015,87.2528483,104.5263015,70.51666532
GRC,Greece,2020,75.35978337,90.15559986,62.50825844
GRC,Greece,2021,73.53856557,87.45102942,61.10658801
GRD,Grenada,2000,3.919018962,4.90359971,2.994849595
GRD,Grenada,2005,3.722922474,4.800685458,2.872092259
GRD,Grenada,2010,3.313202606,4.191977488,2.523321222
GRD,Grenada,2015,3.009565134,3.868687515,2.28144051
GRD,Grenada,2020,3.126706822,3.993947239,2.362479385
GRD,Grenada,2021,3.066810988,4.02993326,2.299524543
GTM,Guatemala,2000,2.503984652,3.473221276,1.603643658
GTM,Guatemala,2005,2.469818522,3.419686177,1.58714435
GTM,Guatemala,2010,2.626094035,3.7039431,1.673467226
GTM,Guatemala,2015,2.711634304,3.779636792,1.742983665
GTM,Guatemala,2020,3.036366805,4.215302119,1.927495188
GTM,Guatemala,2021,3.061391832,4.430522048,1.951321688
GIN,Guinea,2000,6563.882555,7531.463437,5795.982927
GIN,Guinea,2005,6978.07805,7899.499207,6034.386916
GIN,Guinea,2010,7754.110856,8865.936321,6826.506492
GIN,Guinea,2015,8451.935844,9512.439005,7395.436815
GIN,Guinea,2020,9072.947967,10344.85353,7875.518951
GIN,Guinea,2021,9200.279738,10489.5687,7985.350878
GNB,Guinea-Bissau,2000,36.95072377,44.31066241,29.6852813
GNB,Guinea-Bissau,2005,39.80954352,49.38560583,32.30233221
GNB,Guinea-Bissau,2010,41.85467771,50.68189246,34.35590562
GNB,Guinea-Bissau,2015,42.66226363,52.60788108,35.56792718
GNB,Guinea-Bissau,2020,41.09602441,50.16880034,33.10068152
GNB,Guinea-Bissau,2021,41.2031201,50.08001536,33.23514238
GUY,Guyana,2000,37.150106,47.71973208,27.63149937
GUY,Guyana,2005,32.43753123,41.36362724,25.24409634
GUY,Guyana,2010,30.31682501,38.93989828,23.56797624
GUY,Guyana,2015,29.25823859,37.65031533,22.26712322
GUY,Guyana,2020,33.86103516,43.49826043,25.00112289
GUY,Guyana,2021,33.92724402,43.60394991,25.2580249
HTI,Haiti,2000,1362.641415,1542.422077,1179.033631
HTI,Haiti,2005,1473.342317,1636.384334,1279.311268
HTI,Haiti,2010,1568.85013,1755.685915,1346.457446
HTI,Haiti,2015,1611.668139,1825.537722,1346.917041
HTI,Haiti,2020,1689.871747,1932.024863,1468.521151
HTI,Haiti,2021,1694.658436,1902.846976,1438.892107
HND,Honduras,2000,0.350215202,0.551660746,0.227068154
HND,Honduras,2005,0.347189266,0.53284817,0.221687262
HND,Honduras,2010,0.372414192,0.590330908,0.240799846
HND,Honduras,2015,0.404504418,0.610661151,0.26719583
HND,Honduras,2020,0.460306304,0.687146436,0.297366817
HND,Honduras,2021,0.466760862,0.69669571,0.303849073
HUN,Hungary,2000,0.170545313,0.258636538,0.101694364
HUN,Hungary,2005,0.175165238,0.262508074,0.103246986
HUN,Hungary,2010,0.157569635,0.236741147,0.093926939
HUN,Hungary,2015,0.162194867,0.243272689,0.096340546
HUN,Hungary,2020,0.138411983,0.212454091,0.08402119
HUN,Hungary,2021,0.134612166,0.207377759,0.08183177
ISL,Iceland,2000,0.526257632,0.702529098,0.383223596
ISL,Iceland,2005,0.556592553,0.729047807,0.409569034
ISL,Iceland,2010,0.607977955,0.805435904,0.444956679
ISL,Iceland,2015,0.545920955,0.717068594,0.398292873
ISL,Iceland,2020,0.547337773,0.718925767,0.397933696
ISL,Iceland,2021,0.544249194,0.714868932,0.395688192
IND,India,2000,96732.33761,129117.9461,68566.78778
IND,India,2005,97244.0134,130500.6499,68669.86481
IND,India,2010,94105.50509,126365.6887,67479.0945
IND,India,2015,88299.76298,118430.7366,62783.85981
IND,India,2020,83056.51833,110669.5709,59585.13206
IND,India,2021,82471.59046,110095.2582,58654.48568
IDN,Indonesia,2000,13.56467423,17.34495647,9.594958918
IDN,Indonesia,2005,13.80546476,18.03414174,9.90644353
IDN,Indonesia,2010,13.20296757,17.11898767,9.402051151
IDN,Indonesia,2015,11.84860525,15.4436597,8.310035044
IDN,Indonesia,2020,10.95909662,14.38848908,7.645762303
IDN,Indonesia,2021,10.74526102,14.12005023,7.536460606
IRN,Iran (Islamic Republic of),2000,3274.572203,3999.846595,2596.03165
IRN,Iran (Islamic Republic of),2005,3214.426413,3947.310159,2522.153983
IRN,Iran (Islamic Republic of),2010,3404.307337,4192.692121,2700.584635
IRN,Iran (Islamic Republic of),2015,2339.025775,2869.982371,1860.218054
IRN,Iran (Islamic Republic of),2020,2017.689412,2476.368835,1609.823073
IRN,Iran (Islamic Republic of),2021,1963.223835,2415.686176,1567.268086
IRQ,Iraq,2000,2063.613123,2460.524607,1781.998818
IRQ,Iraq,2005,1976.002886,2341.944326,1692.507694
IRQ,Iraq,2010,1984.999649,2324.951542,1705.203215
IRQ,Iraq,2015,2048.879557,2459.011114,1744.813848
IRQ,Iraq,2020,2040.87598,2404.297443,1740.113184
IRQ,Iraq,2021,2048.63738,2380.811131,1751.711575
IRL,Ireland,2000,10.18277302,12.84596128,7.93043919
IRL,Ireland,2005,11.51204514,14.90904067,8.811163666
IRL,Ireland,2010,13.30355546,17.15306028,10.15044854
IRL,Ireland,2015,11.79889456,14.94680645,9.14387882
IRL,Ireland,2020,10.79229904,14.09962468,8.106423798
IRL,Ireland,2021,10.60060713,13.49229159,7.999886169
ISR,Israel,2000,61.69392236,78.22620039,49.14572915
ISR,Israel,2005,65.83790365,84.12598213,53.95645057
ISR,Israel,2010,68.1233073,85.51978625,55.01880387
ISR,Israel,2015,71.47333365,89.20849856,58.04738673
ISR,Israel,2020,68.26979652,86.05418144,53.46755137
ISR,Israel,2021,69.65294774,87.33603347,54.71521836
ITA,Italy,2000,108.9810286,125.5027139,93.11666276
ITA,Italy,2005,119.0572842,135.5345484,101.9279967
ITA,Italy,2010,120.6132891,137.7210673,103.7942867
ITA,Italy,2015,103.9704649,117.4340655,88.44712311
ITA,Italy,2020,92.26697996,104.9583288,78.85833916
ITA,Italy,2021,89.97411155,102.3189582,76.86482831
JAM,Jamaica,2000,277.1080903,291.4863253,263.1469446
JAM,Jamaica,2005,252.9931033,266.5101105,239.2836084
JAM,Jamaica,2010,243.1073724,254.307044,230.3245015
JAM,Jamaica,2015,227.2297777,243.5197723,212.7134526
JAM,Jamaica,2020,210.9336032,232.1319893,188.3720151
JAM,Jamaica,2021,199.8230102,227.931287,173.6734966
JPN,Japan,2000,2.523546952,3.76263352,1.692116731
JPN,Japan,2005,2.325630121,3.412497187,1.575715437
JPN,Japan,2010,2.33485655,3.439689766,1.595079498
JPN,Japan,2015,2.182953869,3.149539273,1.515771509
JPN,Japan,2020,1.94455559,2.750309359,1.381012945
JPN,Japan,2021,1.904684589,2.690251185,1.355410699
JOR,Jordan,2000,145.3333785,175.4907668,117.136873
JOR,Jordan,2005,166.8941134,201.2936109,133.6578965
JOR,Jordan,2010,191.1387124,231.7943544,152.4790391
JOR,Jordan,2015,223.9994986,269.7947522,184.7496164
JOR,Jordan,2020,254.0599662,305.6200982,205.1938875
JOR,Jordan,2021,260.1024253,311.9664402,210.5211923
KAZ,Kazakhstan,2000,0.173422602,0.335824117,0.061661666
KAZ,Kazakhstan,2005,0.206190671,0.416173968,0.083717246
KAZ,Kazakhstan,2010,0.260741061,0.499983017,0.112516245
KAZ,Kazakhstan,2015,0.287112958,0.558941387,0.11872241
KAZ,Kazakhstan,2020,0.255553288,0.509959897,0.104638178
KAZ,Kazakhstan,2021,0.25231041,0.501984699,0.108228785
KEN,Kenya,2000,15577.84298,20855.85998,11454.77521
KEN,Kenya,2005,16577.76715,22149.10061,12206.49891
KEN,Kenya,2010,17249.34002,22924.26565,12629.51658
KEN,Kenya,2015,17261.78021,22999.78677,12632.92683
KEN,Kenya,2020,18004.06803,24022.62605,13177.76685
KEN,Kenya,2021,18110.87574,24129.6079,13260.52914
KIR,Kiribati,2000,0.001397501,0.002788492,0.000356618
KIR,Kiribati,2005,0.001494133,0.00296824,0.000379582
KIR,Kiribati,2010,0.0016085,0.003158802,0.00057513
KIR,Kiribati,2015,0.001638063,0.003251388,0.000415721
KIR,Kiribati,2020,0.001677357,0.003292241,0.000592309
KIR,Kiribati,2021,0.001681097,0.003300759,0.000600865
KWT,Kuwait,2000,29.43039475,35.08808639,23.531275
KWT,Kuwait,2005,33.7568926,40.76527156,27.44542271
KWT,Kuwait,2010,39.49250792,48.71201778,32.08654898
KWT,Kuwait,2015,42.57700809,51.86995901,34.34421816
KWT,Kuwait,2020,43.99662274,54.25243348,35.68008906
KWT,Kuwait,2021,44.0852784,53.6269561,35.7718992
KGZ,Kyrgyzstan,2000,0.075024459,0.146766178,0.032140151
KGZ,Kyrgyzstan,2005,0.081331643,0.156902112,0.03289576
KGZ,Kyrgyzstan,2010,0.104362166,0.206258748,0.043100342
KGZ,Kyrgyzstan,2015,0.114645825,0.225469842,0.049125624
KGZ,Kyrgyzstan,2020,0.105696899,0.214835432,0.037374154
KGZ,Kyrgyzstan,2021,0.105361157,0.208219004,0.044967421
LAO,Lao People's Democratic Republic,2000,0.533619702,0.755040757,0.354837128
LAO,Lao People's Democratic Republic,2005,0.526339743,0.774981858,0.341258397
LAO,Lao People's Democratic Republic,2010,0.509954259,0.751953125,0.346154627
LAO,Lao People's Democratic Republic,2015,0.506243981,0.710603177,0.329857863
LAO,Lao People's Democratic Republic,2020,0.510115835,0.70932026,0.339031571
LAO,Lao People's Democratic Republic,2021,0.510376844,0.709969158,0.34312023
LVA,Latvia,2000,0.030719423,0.043963431,0.018982571
LVA,Latvia,2005,0.032327079,0.045506315,0.020291961
LVA,Latvia,2010,0.028376654,0.040568139,0.017443222
LVA,Latvia,2015,0.033731399,0.049125009,0.020669707
LVA,Latvia,2020,0.027819595,0.040871481,0.016236769
LVA,Latvia,2021,0.027012826,0.039678893,0.015921721
LBN,Lebanon,2000,77.89003775,92.38461077,65.26839093
LBN,Lebanon,2005,79.23080457,92.66330963,65.38333056
LBN,Lebanon,2010,80.82558545,94.22910449,66.92448966
LBN,Lebanon,2015,92.66576275,108.9401033,77.35521825
LBN,Lebanon,2020,83.05581631,99.37367695,69.76255071
LBN,Lebanon,2021,80.94358467,95.42761634,66.82346418
LSO,Lesotho,2000,1.756843183,2.32591661,1.322570374
LSO,Lesotho,2005,1.617285634,2.089648924,1.213899142
LSO,Lesotho,2010,1.514970405,1.972927651,1.156218623
LSO,Lesotho,2015,1.428907487,1.897635365,1.072486382
LSO,Lesotho,2020,1.356577675,1.799417194,1.024898844
LSO,Lesotho,2021,1.349586385,1.769906675,1.017553292
LBR,Liberia,2000,669.276123,760.2347333,579.6152061
LBR,Liberia,2005,681.5539644,763.6402939,594.468954
LBR,Liberia,2010,771.4920751,873.9779864,659.9328695
LBR,Liberia,2015,715.9939161,809.1831296,616.7923713
LBR,Liberia,2020,690.1556409,780.3752071,594.1627076
LBR,Liberia,2021,682.3925094,776.1718616,586.4575624
LBY,Libya,2000,1075.454163,1440.298374,833.1339536
LBY,Libya,2005,1032.704775,1358.908753,784.6754877
LBY,Libya,2010,888.4726813,1166.685417,667.1500051
LBY,Libya,2015,777.2333324,1008.717716,604.957394
LBY,Libya,2020,693.7119959,929.6513172,538.4038083
LBY,Libya,2021,676.3537314,881.4211201,518.9739462
LTU,Lithuania,2000,0.068641026,0.094765705,0.051160957
LTU,Lithuania,2005,0.063788929,0.088195122,0.046100892
LTU,Lithuania,2010,0.068854506,0.095064704,0.048602003
LTU,Lithuania,2015,0.066562826,0.090803814,0.048619129
LTU,Lithuania,2020,0.057050544,0.076802931,0.042255172
LTU,Lithuania,2021,0.055392007,0.074661902,0.040618685
LUX,Luxembourg,2000,4.657735729,5.461694351,4.006980264
LUX,Luxembourg,2005,4.505428184,5.177385853,3.840820284
LUX,Luxembourg,2010,4.730612357,5.532400152,4.008977006
LUX,Luxembourg,2015,4.984213684,5.794010939,4.133372841
LUX,Luxembourg,2020,5.088502508,6.076042784,4.2840123
LUX,Luxembourg,2021,5.155475014,6.156036902,4.340413418
MDG,Madagascar,2000,2528.565026,2977.730687,2140.567741
MDG,Madagascar,2005,2741.467742,3294.884432,2339.091104
MDG,Madagascar,2010,2966.149275,3486.455455,2509.449163
MDG,Madagascar,2015,3075.742588,3654.90691,2678.883081
MDG,Madagascar,2020,3211.717179,3754.695321,2744.895629
MDG,Madagascar,2021,3235.838992,3858.653761,2717.487759
MWI,Malawi,2000,403.8428851,488.0412115,350.5936007
MWI,Malawi,2005,413.9205133,507.3171407,349.0138171
MWI,Malawi,2010,405.823212,479.3011845,343.168143
MWI,Malawi,2015,404.7459163,488.0614423,348.5357433
MWI,Malawi,2020,417.6868281,498.4850996,361.4064136
MWI,Malawi,2021,421.8792516,519.2493686,363.7782109
MYS,Malaysia,2000,1.158423172,1.617812745,0.83501834
MYS,Malaysia,2005,1.061833135,1.441478155,0.756172726
MYS,Malaysia,2010,1.059801536,1.44654107,0.757259048
MYS,Malaysia,2015,1.040932542,1.458869822,0.755538604
MYS,Malaysia,2020,1.213378287,1.675828892,0.865423127
MYS,Malaysia,2021,1.234129167,1.704485262,0.880228251
MDV,Maldives,2000,0.018353454,0.025091324,0.012592312
MDV,Maldives,2005,0.019938883,0.027145056,0.014232556
MDV,Maldives,2010,0.022382722,0.030702212,0.015166316
MDV,Maldives,2015,0.022625076,0.031035678,0.015438983
MDV,Maldives,2020,0.021266876,0.028899022,0.014676286
MDV,Maldives,2021,0.020984781,0.028514095,0.01446697
MLI,Mali,2000,3615.676971,4039.680483,3198.095292
MLI,Mali,2005,4160.324902,4715.46382,3639.404109
MLI,Mali,2010,4821.317647,5345.87337,4252.183829
MLI,Mali,2015,5554.94346,6238.680832,4786.713767
MLI,Mali,2020,6518.806242,7299.150112,5699.863511
MLI,Mali,2021,6724.524454,7466.157773,5984.741898
MLT,Malta,2000,1.114912245,1.350899927,0.907105324
MLT,Malta,2005,1.054507916,1.269187127,0.85150238
MLT,Malta,2010,1.119474092,1.355437177,0.89312604
MLT,Malta,2015,1.167062792,1.399546569,0.924253333
MLT,Malta,2020,1.148818766,1.381999147,0.919487225
MLT,Malta,2021,1.147345033,1.380221096,0.918312174
MHL,Marshall Islands,2000,0.000787029,0.001600036,0.000216347
MHL,Marshall Islands,2005,0.000796994,0.001617145,0.000217889
MHL,Marshall Islands,2010,0.000737678,0.001517579,0.000221566
MHL,Marshall Islands,2015,0.000681835,0.001391782,0.000188173
MHL,Marshall Islands,2020,0.000642623,0.00129952,0.000175107
MHL,Marshall Islands,2021,0.000626365,0.001280579,0.000187196
MRT,Mauritania,2000,207.5388784,242.743834,174.1517699
MRT,Mauritania,2005,220.6973032,254.2516444,185.2149795
MRT,Mauritania,2010,224.8206956,262.2113248,189.8633888
MRT,Mauritania,2015,220.3670127,256.8040186,180.250962
MRT,Mauritania,2020,220.8951467,256.8407392,185.9009146
MRT,Mauritania,2021,220.5032728,251.4668217,183.0520726
MUS,Mauritius,2000,0.044584871,0.061988046,0.031767261
MUS,Mauritius,2005,0.04001546,0.055295764,0.028122395
MUS,Mauritius,2010,0.032769895,0.045240036,0.023167274
MUS,Mauritius,2015,0.028632864,0.038524215,0.020242075
MUS,Mauritius,2020,0.028725008,0.03965147,0.020251639
MUS,Mauritius,2021,0.028729882,0.039790441,0.020194784
MEX,Mexico,2000,64.80627673,86.01720563,49.10668027
MEX,Mexico,2005,61.98470817,81.84275885,46.85776806
MEX,Mexico,2010,59.53934123,79.6256064,44.57752784
MEX,Mexico,2015,56.57281233,75.60696589,42.52886182
MEX,Mexico,2020,54.64467004,74.71817279,40.45235252
MEX,Mexico,2021,54.1134688,73.59879096,39.90311377
FSM,Micronesia (Federated States of),2000,0.001539214,0.003142583,0.000424894
FSM,Micronesia (Federated States of),2005,0.001340716,0.002770207,0.000404469
FSM,Micronesia (Federated States of),2010,0.001156464,0.002420607,0.000353465
FSM,Micronesia (Federated States of),2015,0.001050526,0.002170702,0.000316958
FSM,Micronesia (Federated States of),2020,0.000972568,0.002035693,0.000297258
FSM,Micronesia (Federated States of),2021,0.000981695,0.002004428,0.000271017
MNG,Mongolia,2000,0.045854099,0.087658601,0.018321201
MNG,Mongolia,2005,0.048405062,0.093233378,0.019835828
MNG,Mongolia,2010,0.064429077,0.12323294,0.026205259
MNG,Mongolia,2015,0.071322267,0.136197377,0.02900239
MNG,Mongolia,2020,0.062493129,0.1203767,0.02612153
MNG,Mongolia,2021,0.061387309,0.118076194,0.025323295
MNE,Montenegro,2000,0.016827271,0.024015963,0.011075498
MNE,Montenegro,2005,0.015866806,0.022542631,0.010549068
MNE,Montenegro,2010,0.015110402,0.021509385,0.010069369
MNE,Montenegro,2015,0.014353105,0.02040666,0.009744601
MNE,Montenegro,2020,0.012896796,0.018616276,0.008620039
MNE,Montenegro,2021,0.012707563,0.01835067,0.008433865
MAR,Morocco,2000,242.5010279,282.9749511,202.3969542
MAR,Morocco,2005,240.3470869,288.9574438,198.573947
MAR,Morocco,2010,225.5616401,265.1491165,189.2033262
MAR,Morocco,2015,197.9605736,237.1212399,167.4681663
MAR,Morocco,2020,171.5962912,206.7725222,142.068255
MAR,Morocco,2021,166.6857317,194.707533,136.3062454
MOZ,Mozambique,2000,155.0787037,183.7940161,128.3971107
MOZ,Mozambique,2005,170.204756,203.0594648,140.7221719
MOZ,Mozambique,2010,184.1359872,219.9967046,149.1193651
MOZ,Mozambique,2015,198.7716421,234.8828759,166.3654146
MOZ,Mozambique,2020,215.6537598,258.5963914,177.7953138
MOZ,Mozambique,2021,219.8002426,264.0537179,182.5934944
MMR,Myanmar,2000,3.646567224,5.411961057,2.354102143
MMR,Myanmar,2005,3.536305408,4.936346415,2.398807726
MMR,Myanmar,2010,3.393870929,4.732197484,2.28199944
MMR,Myanmar,2015,3.187287502,4.459365329,2.163410373
MMR,Myanmar,2020,3.111894391,4.550989798,2.080820336
MMR,Myanmar,2021,3.083561946,4.509555071,2.061875391
NAM,Namibia,2000,1.759176384,2.265358435,1.393423805
NAM,Namibia,2005,1.818867287,2.354737831,1.424227695
NAM,Namibia,2010,1.890257953,2.40502555,1.512874884
NAM,Namibia,2015,1.955222659,2.558388862,1.547530367
NAM,Namibia,2020,1.969771871,2.516974456,1.504480194
NAM,Namibia,2021,1.981328701,2.555586353,1.520850049
NPL,Nepal,2000,26.9133263,32.16547711,22.73019712
NPL,Nepal,2005,24.1883526,28.40495617,19.83753328
NPL,Nepal,2010,22.21166934,26.09860208,18.82179415
NPL,Nepal,2015,21.30368475,25.26826675,17.69150288
NPL,Nepal,2020,20.45278077,24.33641452,16.90387728
NPL,Nepal,2021,20.3355998,24.17964237,16.81452975
NLD,Netherlands,2000,5.043174977,6.242529828,4.005794915
NLD,Netherlands,2005,4.616805979,5.783151232,3.644735193
NLD,Netherlands,2010,4.424655693,5.494318793,3.586054596
NLD,Netherlands,2015,4.161618692,5.235590484,3.247645531
NLD,Netherlands,2020,4.427920171,5.399244885,3.512960372
NLD,Netherlands,2021,4.454524226,5.431660671,3.534061884
NZL,New Zealand,2000,2.012904105,2.44631786,1.605560978
NZL,New Zealand,2005,2.166948208,2.68181107,1.76473195
NZL,New Zealand,2010,2.189567501,2.672438025,1.779988084
NZL,New Zealand,2015,2.127063269,2.571432267,1.746165682
NZL,New Zealand,2020,2.645408396,3.270888926,2.159163808
NZL,New Zealand,2021,2.727520892,3.376940308,2.196452825
NIC,Nicaragua,2000,1.110973597,1.607858325,0.745195618
NIC,Nicaragua,2005,1.10742069,1.583622656,0.780720186
NIC,Nicaragua,2010,1.170273723,1.632966695,0.85839903
NIC,Nicaragua,2015,1.167676718,1.623433852,0.846853176
NIC,Nicaragua,2020,1.220682022,1.720344598,0.862494508
NIC,Nicaragua,2021,1.211127135,1.72908234,0.869001984
NER,Niger,2000,9644.94063,11341.41669,8275.56257
NER,Niger,2005,11039.34176,12575.72453,9555.52688
NER,Niger,2010,10164.23545,11713.12243,8970.476068
NER,Niger,2015,11748.11311,13439.5961,10266.59492
NER,Niger,2020,13963.43865,15993.15839,12069.04018
NER,Niger,2021,14469.28706,16595.67181,12508.103
NGA,Nigeria,2000,145125.1795,184796.216,110100.8591
NGA,Nigeria,2005,150039.838,186856.9489,114749.5264
NGA,Nigeria,2010,158238.2731,197749.3027,121741.0487
NGA,Nigeria,2015,165851.1018,206575.4139,127965.0187
NGA,Nigeria,2020,176319.3726,221008.1027,136053.2665
NGA,Nigeria,2021,178883.4466,224331.7935,137824.9325
MKD,North Macedonia,2000,0.058246774,0.083749163,0.039260485
MKD,North Macedonia,2005,0.055528227,0.075451355,0.037960958
MKD,North Macedonia,2010,0.055810989,0.078769836,0.037374497
MKD,North Macedonia,2015,0.056336656,0.075906434,0.036859893
MKD,North Macedonia,2020,0.050845652,0.069734432,0.034036955
MKD,North Macedonia,2021,0.050127519,0.067918616,0.033457639
NOR,Norway,2000,9.806495358,14.38424263,6.557848677
NOR,Norway,2005,9.640883788,14.15843798,6.391620464
NOR,Norway,2010,10.10010848,14.7673808,6.610413848
NOR,Norway,2015,9.663490282,14.01768989,6.317749467
NOR,Norway,2020,9.432595015,14.12128906,6.14796701
NOR,Norway,2021,9.380033179,14.05722501,6.133423001
OMN,Oman,2000,297.6751745,336.5577622,254.1593837
OMN,Oman,2005,303.1993014,339.8469503,263.8666598
OMN,Oman,2010,319.7437232,360.9540388,279.4713655
OMN,Oman,2015,399.2486181,461.7361182,325.5135989
OMN,Oman,2020,391.7875486,462.7970946,325.974469
OMN,Oman,2021,391.1464491,462.7991199,325.1627483
PAK,Pakistan,2000,48.10721574,71.50101841,31.35028465
PAK,Pakistan,2005,51.46750426,74.98972406,34.71287896
PAK,Pakistan,2010,52.63966594,74.87082798,35.21788002
PAK,Pakistan,2015,52.04082183,75.44539078,34.68689995
PAK,Pakistan,2020,53.06730912,78.01368516,35.77789731
PAK,Pakistan,2021,53.29221918,78.90435401,36.19502067
PSE,Palestine,2000,125.6173171,154.0286852,100.2911837
PSE,Palestine,2005,138.1624839,168.4208145,110.2196013
PSE,Palestine,2010,139.4826532,167.9084759,112.9441948
PSE,Palestine,2015,131.337259,159.4517044,105.5062906
PSE,Palestine,2020,123.3786725,149.0784731,99.98062925
PSE,Palestine,2021,121.5256587,147.4789984,98.92041114
PAN,Panama,2000,0.471402714,0.653629299,0.348193687
PAN,Panama,2005,0.473813998,0.669456583,0.33082267
PAN,Panama,2010,0.516136864,0.750878735,0.379539207
PAN,Panama,2015,0.554456635,0.749896187,0.385160063
PAN,Panama,2020,0.623130288,0.868625167,0.427473629
PAN,Panama,2021,0.618434814,0.857260861,0.446321638
PNG,Papua New Guinea,2000,0.113236286,0.223166136,0.028539324
PNG,Papua New Guinea,2005,0.129494171,0.255709121,0.032700809
PNG,Papua New Guinea,2010,0.151515717,0.294497139,0.054947237
PNG,Papua New Guinea,2015,0.169096462,0.333005151,0.042585312
PNG,Papua New Guinea,2020,0.186548029,0.368454766,0.047145063
PNG,Papua New Guinea,2021,0.190999551,0.376373409,0.048131375
PRY,Paraguay,2000,40.43415573,50.67460314,31.72893494
PRY,Paraguay,2005,40.94205142,51.76585212,31.81851156
PRY,Paraguay,2010,42.10941713,52.85424371,33.07262978
PRY,Paraguay,2015,41.41443655,53.08211814,32.26577906
PRY,Paraguay,2020,40.37867553,50.89659812,32.22207725
PRY,Paraguay,2021,40.37744575,50.46214083,31.81902213
PER,Peru,2000,68.72111478,90.81226971,50.70949989
PER,Peru,2005,67.97509305,91.12984205,49.50596295
PER,Peru,2010,66.83890649,88.15138683,49.78096088
PER,Peru,2015,69.19021086,90.62546691,50.58112524
PER,Peru,2020,67.25858308,89.04270106,49.55984306
PER,Peru,2021,67.047949,88.7418216,49.4259689
PHL,Philippines,2000,6.125811512,7.995023636,4.512109371
PHL,Philippines,2005,6.462934389,8.394065511,4.736001272
PHL,Philippines,2010,6.779968606,8.792431822,4.968272502
PHL,Philippines,2015,6.935450199,8.948211352,5.082610879
PHL,Philippines,2020,7.040082693,9.078966199,5.178728043
PHL,Philippines,2021,7.050426439,9.100169217,5.131967381
POL,Poland,2000,37.63176924,55.32550467,25.5102779
POL,Poland,2005,25.71486463,36.61579102,17.67194718
POL,Poland,2010,26.48924343,37.50447201,18.63905066
POL,Poland,2015,27.1525411,39.47750996,18.61242673
POL,Poland,2020,25.23291866,35.7738515,17.75560604
POL,Poland,2021,24.05827007,33.87423141,16.77428799
PRT,Portugal,2000,114.9798389,146.7996317,89.50130686
PRT,Portugal,2005,96.22968741,120.8771847,74.17661552
PRT,Portugal,2010,87.75356152,113.8827717,67.69032901
PRT,Portugal,2015,76.51238353,100.4668563,58.81873702
PRT,Portugal,2020,70.35717522,89.89569064,55.19333621
PRT,Portugal,2021,69.40393305,88.67765231,54.44555195
QAT,Qatar,2000,13.11772217,16.46999545,10.68553879
QAT,Qatar,2005,16.75118915,20.42656236,13.72396306
QAT,Qatar,2010,25.87241095,31.87830378,21.26175114
QAT,Qatar,2015,31.28266415,37.59329655,25.4518816
QAT,Qatar,2020,31.66440159,38.8152168,25.71268278
QAT,Qatar,2021,31.85524907,38.79012093,26.69776909
KOR,Republic of Korea,2000,2.842853701,3.818522437,2.004368417
KOR,Republic of Korea,2005,2.377129151,3.238656719,1.668186467
KOR,Republic of Korea,2010,2.270344998,3.085902112,1.595123691
KOR,Republic of Korea,2015,2.158147915,2.922877523,1.528915899
KOR,Republic of Korea,2020,2.002054392,2.748626131,1.42745505
KOR,Republic of Korea,2021,1.972392375,2.707902197,1.406306176
MDA,Republic of Moldova,2000,0.059512324,0.094040079,0.037097921
MDA,Republic of Moldova,2005,0.05792394,0.092184161,0.034974732
MDA,Republic of Moldova,2010,0.056535353,0.090074223,0.035575503
MDA,Republic of Moldova,2015,0.048444542,0.077282811,0.029598387
MDA,Republic of Moldova,2020,0.0401055,0.064441295,0.024703309
MDA,Republic of Moldova,2021,0.038620201,0.061842252,0.024033385
ROU,Romania,2000,1.274498178,1.675657226,0.960708252
ROU,Romania,2005,1.25068117,1.632082297,0.945866998
ROU,Romania,2010,1.169531628,1.53379975,0.878623945
ROU,Romania,2015,1.140032725,1.515974334,0.869155319
ROU,Romania,2020,0.96852047,1.29248763,0.724696545
ROU,Romania,2021,0.942998931,1.258425397,0.705599507
RUS,Russian Federation,2000,1.851160585,2.96855735,1.085093452
RUS,Russian Federation,2005,2.098810307,3.370655276,1.229617508
RUS,Russian Federation,2010,2.596514713,4.15551021,1.524635057
RUS,Russian Federation,2015,2.771903621,4.462267122,1.631612875
RUS,Russian Federation,2020,2.290638377,3.702497275,1.364431973
RUS,Russian Federation,2021,2.214520458,3.571261681,1.318296683
RWA,Rwanda,2000,76.08062985,91.80286138,61.3429587
RWA,Rwanda,2005,79.27227293,95.81351743,62.37309454
RWA,Rwanda,2010,80.22143474,97.84677004,64.07635828
RWA,Rwanda,2015,80.40973583,97.70445988,64.65476606
RWA,Rwanda,2020,83.23704446,101.9796283,65.55863742
RWA,Rwanda,2021,84.02652437,102.9570014,67.42340648
LCA,Saint Lucia,2000,5.950515983,7.649186934,4.491139681
LCA,Saint Lucia,2005,5.07864433,6.51157962,3.908220822
LCA,Saint Lucia,2010,4.419919914,5.580953463,3.374218714
LCA,Saint Lucia,2015,3.949955418,5.017590171,2.978022973
LCA,Saint Lucia,2020,4.012847742,5.118828309,2.952645772
LCA,Saint Lucia,2021,3.906165127,5.032284849,2.835570131
VCT,Saint Vincent and the Grenadines,2000,4.386703771,5.723257632,3.410447592
VCT,Saint Vincent and the Grenadines,2005,3.935718761,5.18721345,2.948042239
VCT,Saint Vincent and the Grenadines,2010,3.632370823,4.632921816,2.722930878
VCT,Saint Vincent and the Grenadines,2015,3.331260674,4.378495087,2.503777707
VCT,Saint Vincent and the Grenadines,2020,3.395131359,4.36261115,2.642243021
VCT,Saint Vincent and the Grenadines,2021,3.30527036,4.31709149,2.517072084
WSM,Samoa,2000,0.001444773,0.002938933,0.00039733
WSM,Samoa,2005,0.001419282,0.002968559,0.000433389
WSM,Samoa,2010,0.00152244,0.003144241,0.000458697
WSM,Samoa,2015,0.001658295,0.003451503,0.000504526
WSM,Samoa,2020,0.001845871,0.003812217,0.000556146
WSM,Samoa,2021,0.001883199,0.003888569,0.000567285
STP,Sao Tome and Principe,2000,54.53863816,66.78408957,43.46789932
STP,Sao Tome and Principe,2005,54.76073477,67.51496282,43.79323299
STP,Sao Tome and Principe,2010,54.08113888,64.86330453,44.5526069
STP,Sao Tome and Principe,2015,49.42699063,60.81769469,39.49795377
STP,Sao Tome and Principe,2020,46.97047577,56.84144168,37.85444136
STP,Sao Tome and Principe,2021,46.40657697,56.19647439,37.32297722
SAU,Saudi Arabia,2000,7786.681449,8297.556301,7231.978975
SAU,Saudi Arabia,2005,5613.638291,6038.391447,5173.78916
SAU,Saudi Arabia,2010,5636.672626,6109.960586,5213.893326
SAU,Saudi Arabia,2015,2345.536962,2733.668581,1972.466253
SAU,Saudi Arabia,2020,1712.648763,2026.419976,1433.189286
SAU,Saudi Arabia,2021,1697.862133,2011.18156,1423.044378
SEN,Senegal,2000,2155.40518,2443.515898,1864.8959
SEN,Senegal,2005,2382.330388,2644.579422,2088.790864
SEN,Senegal,2010,2529.26026,2809.093416,2215.68271
SEN,Senegal,2015,2545.317008,2885.740916,2239.447564
SEN,Senegal,2020,2609.219201,2931.384234,2287.326485
SEN,Senegal,2021,2621.337817,2943.082913,2296.200022
SRB,Serbia,2000,0.066865973,0.128184255,0.029462551
SRB,Serbia,2005,0.060027833,0.117823768,0.026054835
SRB,Serbia,2010,0.056503938,0.113671459,0.024118423
SRB,Serbia,2015,0.056515637,0.112044393,0.024307866
SRB,Serbia,2020,0.050697194,0.100195117,0.022100953
SRB,Serbia,2021,0.049903897,0.09850801,0.021714122
SYC,Seychelles,2000,0.003738949,0.005196442,0.002511392
SYC,Seychelles,2005,0.003756299,0.005028734,0.002607351
SYC,Seychelles,2010,0.003800367,0.005212224,0.002639818
SYC,Seychelles,2015,0.003739307,0.005067059,0.002638721
SYC,Seychelles,2020,0.003548292,0.004920873,0.002500481
SYC,Seychelles,2021,0.003502477,0.004840172,0.002438539
SLE,Sierra Leone,2000,5038.538289,5640.14399,4440.741832
SLE,Sierra Leone,2005,6078.301124,6830.474802,5315.42584
SLE,Sierra Leone,2010,6474.436836,7196.600447,5603.920161
SLE,Sierra Leone,2015,6804.518026,7615.635432,5982.231173
SLE,Sierra Leone,2020,7164.662014,8050.143903,6287.139337
SLE,Sierra Leone,2021,7248.226355,8172.300016,6355.876157
SGP,Singapore,2000,0.26441318,0.367210629,0.195033495
SGP,Singapore,2005,0.220338013,0.295183465,0.158992438
SGP,Singapore,2010,0.243527964,0.334465301,0.177392094
SGP,Singapore,2015,0.263568544,0.366052464,0.196208034
SGP,Singapore,2020,0.246809103,0.341859848,0.182051984
SGP,Singapore,2021,0.244424669,0.338557351,0.180292655
SVK,Slovakia,2000,0.24079152,0.295734322,0.195064909
SVK,Slovakia,2005,0.2468958,0.303021641,0.201166292
SVK,Slovakia,2010,0.275475598,0.33525977,0.225273763
SVK,Slovakia,2015,0.257377337,0.311888967,0.209462425
SVK,Slovakia,2020,0.239726023,0.305151568,0.190547021
SVK,Slovakia,2021,0.238982551,0.304069933,0.183832525
SVN,Slovenia,2000,0.055490864,0.07398988,0.040300182
SVN,Slovenia,2005,0.058908575,0.078289748,0.042431062
SVN,Slovenia,2010,0.070532449,0.094246194,0.052373733
SVN,Slovenia,2015,0.065342901,0.088140423,0.047427859
SVN,Slovenia,2020,0.056211606,0.073317431,0.041781988
SVN,Slovenia,2021,0.054755219,0.071734319,0.040762976
SLB,Solomon Islands,2000,0.010041142,0.020369032,0.002744385
SLB,Solomon Islands,2005,0.010731905,0.021833984,0.002952149
SLB,Solomon Islands,2010,0.011045314,0.022405746,0.00301878
SLB,Solomon Islands,2015,0.010954199,0.02214977,0.002984527
SLB,Solomon Islands,2020,0.011120203,0.02247401,0.003028202
SLB,Solomon Islands,2021,0.010977553,0.022528707,0.003278946
SOM,Somalia,2000,26.6191854,37.31183273,19.39346169
SOM,Somalia,2005,31.93087822,43.51260976,23.01823578
SOM,Somalia,2010,35.13586232,49.246143,25.04148739
SOM,Somalia,2015,39.96729598,56.04115663,29.24460049
SOM,Somalia,2020,46.87028481,64.60513044,33.51394958
SOM,Somalia,2021,48.11798951,65.87235377,34.48288509
ZAF,South Africa,2000,18.75167753,26.55330384,13.38820026
ZAF,South Africa,2005,18.91990755,26.4483864,13.74471682
ZAF,South Africa,2010,19.04078422,26.82793425,13.75126061
ZAF,South Africa,2015,19.02400917,26.96036263,13.89613255
ZAF,South Africa,2020,17.76277429,24.94530936,12.9405765
ZAF,South Africa,2021,17.58330661,24.65980712,12.64943464
ESP,Spain,2000,96.5382621,115.4191994,79.60340122
ESP,Spain,2005,114.3728893,137.3042292,93.78504971
ESP,Spain,2010,117.0208578,138.7779528,95.77472144
ESP,Spain,2015,101.435482,119.4736872,83.47112853
ESP,Spain,2020,86.78064518,104.4758999,70.32684513
ESP,Spain,2021,84.07750036,101.2440623,68.12576866
LKA,Sri Lanka,2000,0.779118708,1.068540156,0.545094414
LKA,Sri Lanka,2005,0.844470327,1.167039827,0.582156728
LKA,Sri Lanka,2010,0.820224079,1.146243622,0.567645744
LKA,Sri Lanka,2015,0.734414725,1.015172416,0.511026215
LKA,Sri Lanka,2020,0.664197655,0.925197914,0.45883631
LKA,Sri Lanka,2021,0.64861057,0.907044337,0.448671875
SUR,Suriname,2000,20.9054739,26.20155184,15.85387074
SUR,Suriname,2005,20.40586213,25.66896284,15.60250373
SUR,Suriname,2010,21.3344203,27.24981013,16.65138125
SUR,Suriname,2015,21.18284634,26.86815373,16.3385492
SUR,Suriname,2020,21.21416603,27.38352501,15.91693855
SUR,Suriname,2021,20.72625052,26.46485677,16.11917014
SWE,Sweden,2000,15.75927668,20.70652773,11.85396587
SWE,Sweden,2005,17.90128404,23.80221782,13.24294807
SWE,Sweden,2010,19.27490854,25.23787512,14.31690221
SWE,Sweden,2015,19.7358774,25.47072394,14.85058201
SWE,Sweden,2020,22.20983509,28.96019672,16.42523993
SWE,Sweden,2021,22.33984054,29.13042237,16.52762859
CHE,Switzerland,2000,36.34949709,41.72781969,32.82316777
CHE,Switzerland,2005,35.18448442,39.96426336,31.24787962
CHE,Switzerland,2010,38.50224692,43.02788365,35.37549875
CHE,Switzerland,2015,41.80578031,46.15381654,37.70501771
CHE,Switzerland,2020,43.57482325,48.77344521,39.55041152
CHE,Switzerland,2021,43.85168392,49.08327348,39.80193817
SYR,Syrian Arab Republic,2000,168.9170042,207.0839226,139.27303
SYR,Syrian Arab Republic,2005,177.5315348,212.9881513,146.445442
SYR,Syrian Arab Republic,2010,164.6412196,197.4077845,138.5150866
SYR,Syrian Arab Republic,2015,88.00562734,105.3161054,73.12061443
SYR,Syrian Arab Republic,2020,71.59491088,87.47298507,59.70830697
SYR,Syrian Arab Republic,2021,67.54277243,81.63262448,56.47311036
TWN,Taiwan (Province of China),2000,8.713285671,11.24861802,6.676862935
TWN,Taiwan (Province of China),2005,7.864224534,9.663510881,6.406864045
TWN,Taiwan (Province of China),2010,6.902260745,8.478113909,5.693427481
TWN,Taiwan (Province of China),2015,8.033639938,9.902266034,6.553259509
TWN,Taiwan (Province of China),2020,6.487326024,7.945993561,5.347455224
TWN,Taiwan (Province of China),2021,6.226908603,7.580677441,5.070344317
TJK,Tajikistan,2000,0.147611405,0.282155672,0.058650623
TJK,Tajikistan,2005,0.154692878,0.295870008,0.061835702
TJK,Tajikistan,2010,0.181761702,0.347532992,0.073889463
TJK,Tajikistan,2015,0.198272171,0.380316209,0.080461086
TJK,Tajikistan,2020,0.197953827,0.382265778,0.080291571
TJK,Tajikistan,2021,0.198993429,0.386311777,0.079781785
THA,Thailand,2000,2.138128222,2.956439773,1.491932755
THA,Thailand,2005,1.961360992,2.722974457,1.386078105
THA,Thailand,2010,1.817420015,2.598324277,1.288644072
THA,Thailand,2015,1.594116402,2.253069235,1.126578575
THA,Thailand,2020,1.362363887,1.911482312,0.942808338
THA,Thailand,2021,1.316991638,1.847821153,0.911411007
TLS,Timor-Leste,2000,0.110956345,0.15820882,0.076274448
TLS,Timor-Leste,2005,0.106808414,0.159126115,0.069217962
TLS,Timor-Leste,2010,0.104515605,0.154040972,0.068508404
TLS,Timor-Leste,2015,0.105211176,0.143683419,0.072795387
TLS,Timor-Leste,2020,0.114664887,0.169753434,0.076179615
TLS,Timor-Leste,2021,0.116471433,0.171968767,0.077080702
TGO,Togo,2000,4195.771619,4707.526063,3717.025195
TGO,Togo,2005,4717.192865,5406.528042,4098.587856
TGO,Togo,2010,5100.482915,5697.95103,4540.803057
TGO,Togo,2015,4971.23277,5508.307319,4390.416381
TGO,Togo,2020,4889.854963,5545.588781,4274.553977
TGO,Togo,2021,4868.06647,5513.678057,4289.905551
TON,Tonga,2000,0.001281015,0.002733727,0.000399188
TON,Tonga,2005,0.001336691,0.00281755,0.000411437
TON,Tonga,2010,0.001308465,0.002757931,0.000402723
TON,Tonga,2015,0.001189667,0.002550714,0.000372463
TON,Tonga,2020,0.001106662,0.00237275,0.000346477
TON,Tonga,2021,0.0010901,0.00233724,0.000341291
TTO,Trinidad and Tobago,2000,34.71480739,44.31664773,26.5914266
TTO,Trinidad and Tobago,2005,35.49818253,44.08896217,26.69966701
TTO,Trinidad and Tobago,2010,36.41069325,47.85799903,26.61823379
TTO,Trinidad and Tobago,2015,33.89066386,43.24525852,25.67377521
TTO,Trinidad and Tobago,2020,32.65734216,42.9441723,24.02370134
TTO,Trinidad and Tobago,2021,31.75702013,40.68421558,23.60835626
TUN,Tunisia,2000,221.7184787,267.9999119,177.4929946
TUN,Tunisia,2005,212.0316679,256.2446481,175.1737427
TUN,Tunisia,2010,210.5813824,250.4867564,170.3704275
TUN,Tunisia,2015,197.9343384,234.632755,160.4228318
TUN,Tunisia,2020,171.5882943,202.7145957,139.3293892
TUN,Tunisia,2021,167.2558767,199.871298,138.9358344
TKM,Turkmenistan,2000,0.079627763,0.153493868,0.032589423
TKM,Turkmenistan,2005,0.078945291,0.151735528,0.032485075
TKM,Turkmenistan,2010,0.088849405,0.171267082,0.036801253
TKM,Turkmenistan,2015,0.092250464,0.178830293,0.038586334
TKM,Turkmenistan,2020,0.086738349,0.167594976,0.036677665
TKM,Turkmenistan,2021,0.085333753,0.1656185,0.035355354
TUR,Türkiye,2000,573.5426734,667.6016521,511.5512321
TUR,Türkiye,2005,476.7741889,550.8776108,425.1366641
TUR,Türkiye,2010,390.3783039,441.4764912,341.369753
TUR,Türkiye,2015,309.4862097,357.5573441,270.9455548
TUR,Türkiye,2020,306.6900428,352.0277661,271.2300711
TUR,Türkiye,2021,305.8879074,352.6080678,266.6119721
UGA,Uganda,2000,7250.112867,8309.632254,6199.520478
UGA,Uganda,2005,7988.665467,9104.66534,6700.819123
UGA,Uganda,2010,8454.994935,9577.632815,7114.494597
UGA,Uganda,2015,8809.527808,10092.0684,7541.897636
UGA,Uganda,2020,9332.630791,10517.22234,7875.040178
UGA,Uganda,2021,9406.017533,10668.15103,7835.335827
UKR,Ukraine,2000,0.585504537,0.943284613,0.35001638
UKR,Ukraine,2005,0.65159092,1.051327529,0.385517634
UKR,Ukraine,2010,0.714571545,1.15284804,0.426925653
UKR,Ukraine,2015,0.651671718,1.058090163,0.390587067
UKR,Ukraine,2020,0.525810347,0.852717822,0.314853837
UKR,Ukraine,2021,0.504733105,0.815683123,0.302055152
ARE,United Arab Emirates,2000,14.69984379,16.88890498,12.26301786
ARE,United Arab Emirates,2005,16.21323888,18.65360144,13.65378332
ARE,United Arab Emirates,2010,27.41923753,31.19066654,23.05880933
ARE,United Arab Emirates,2015,21.93501523,25.01681585,18.37820074
ARE,United Arab Emirates,2020,15.11690195,17.58046019,12.6923116
ARE,United Arab Emirates,2021,14.10655522,16.09501969,11.90843451
GBR,United Kingdom,2000,181.9756584,224.4065111,147.6392253
GBR,United Kingdom,2005,205.6159964,253.9052599,167.191406
GBR,United Kingdom,2010,224.9309591,277.7804733,182.3693138
GBR,United Kingdom,2015,216.0617017,265.1091597,175.7712766
GBR,United Kingdom,2020,218.0891225,270.0230503,176.4162806
GBR,United Kingdom,2021,219.3587997,270.6363599,178.5098092
TZA,United Republic of Tanzania,2000,9599.178236,11059.59345,8125.471466
TZA,United Republic of Tanzania,2005,10630.82841,12221.51431,8992.61825
TZA,United Republic of Tanzania,2010,11647.33642,13424.00726,9841.173858
TZA,United Republic of Tanzania,2015,12366.57426,14205.1835,10412.88334
TZA,United Republic of Tanzania,2020,12979.90538,15065.9964,10816.37308
TZA,United Republic of Tanzania,2021,13146.62472,14970.86022,10939.43354
USA,United States of America,2000,1471.898993,1563.465581,1370.283882
USA,United States of America,2005,1521.350994,1607.47232,1426.689583
USA,United States of America,2010,1415.013334,1500.379628,1326.741507
USA,United States of America,2015,1368.335334,1454.527773,1274.338102
USA,United States of America,2020,1234.009035,1306.11871,1148.135365
USA,United States of America,2021,1217.253055,1293.459264,1130.891679
URY,Uruguay,2000,0.203728735,0.305120715,0.131977075
URY,Uruguay,2005,0.189915412,0.282638423,0.125903205
URY,Uruguay,2010,0.186630322,0.276115244,0.127207506
URY,Uruguay,2015,0.187083555,0.279811601,0.125004292
URY,Uruguay,2020,0.177183114,0.263186217,0.119182014
URY,Uruguay,2021,0.175668732,0.259484303,0.117851965
UZB,Uzbekistan,2000,0.47827078,0.932018198,0.200463073
UZB,Uzbekistan,2005,0.489857434,0.949504894,0.207785582
UZB,Uzbekistan,2010,0.553559081,1.087198695,0.233106074
UZB,Uzbekistan,2015,0.582428776,1.133169777,0.239759258
UZB,Uzbekistan,2020,0.53143133,1.041373398,0.224407799
UZB,Uzbekistan,2021,0.527142433,1.036642027,0.221984377
VUT,Vanuatu,2000,0.003427854,0.006968692,0.000942283
VUT,Vanuatu,2005,0.003527204,0.007262919,0.001060523
VUT,Vanuatu,2010,0.003735323,0.007623905,0.001030813
VUT,Vanuatu,2015,0.003826761,0.00781103,0.001056144
VUT,Vanuatu,2020,0.003968227,0.00813278,0.001189181
VUT,Vanuatu,2021,0.003970532,0.008202117,0.001197832
VEN,Venezuela (Bolivarian Republic of),2000,154.2381753,182.0221247,126.8415563
VEN,Venezuela (Bolivarian Republic of),2005,181.4787964,216.5235786,147.5588929
VEN,Venezuela (Bolivarian Republic of),2010,95.10209246,112.9311017,74.97301804
VEN,Venezuela (Bolivarian Republic of),2015,94.8271983,116.6134115,76.25661549
VEN,Venezuela (Bolivarian Republic of),2020,74.46009041,89.93587554,60.73989394
VEN,Venezuela (Bolivarian Republic of),2021,71.229435,86.16346697,58.08243489
VNM,Viet Nam,2000,3.915181642,5.404915937,2.688600987
VNM,Viet Nam,2005,4.061505985,5.572329208,2.839307849
VNM,Viet Nam,2010,4.064601092,5.580465942,2.773986622
VNM,Viet Nam,2015,3.754814017,5.10271078,2.659276918
VNM,Viet Nam,2020,3.275597173,4.442371163,2.350717043
VNM,Viet Nam,2021,3.17638538,4.314675866,2.274861061
YEM,Yemen,2000,253.4936189,302.4440275,215.7525725
YEM,Yemen,2005,286.0445642,339.1023486,242.2209708
YEM,Yemen,2010,300.8294696,353.4917186,255.0363524
YEM,Yemen,2015,288.0193875,341.6022403,248.3360556
YEM,Yemen,2020,275.4446022,324.2057129,235.4440865
YEM,Yemen,2021,272.7954543,321.7580736,230.6959425
ZMB,Zambia,2000,3416.438134,4182.869637,2947.734242
ZMB,Zambia,2005,3725.116281,4515.324779,3278.563026
ZMB,Zambia,2010,4084.719158,4938.689768,3593.342388
ZMB,Zambia,2015,4351.234771,5356.035267,3892.293686
ZMB,Zambia,2020,4641.297358,5634.6887,4067.880338
ZMB,Zambia,2021,4701.844333,5703.016362,4086.497118
ZWE,Zimbabwe,2000,71.30720748,86.74750026,57.9805135
ZWE,Zimbabwe,2005,74.34359639,90.57647285,59.52828031
ZWE,Zimbabwe,2010,69.68695209,89.05889513,56.12832773
ZWE,Zimbabwe,2015,71.11912802,89.17329884,56.78350944
ZWE,Zimbabwe,2020,68.59789641,86.09808931,54.44792478
ZWE,Zimbabwe,2021,68.37976746,87.57668891,55.65640998
